source_id,name,category,source_type,level,region,ij_code,municipalities_focus,website_url,facebook_url,fb_status,instagram_url,ig_status,x_url,x_status,youtube_url,where_to_fish,preferred_ingestion,priority_tier,pilot_score,election_relevance,ij_relevance,banja_luka_relevance,doboj_relevance,credibility,bias_score,social_signal,influence,speed,originality,manipulation_risk,technical_access,data_completeness,notes
BIH_ELEC_001,Centralna izborna komisija BiH,BiH izbori / official,official_election,BiH,BiH,ALL,BiH,https://www.izbori.ba/,https://www.facebook.com/p/Centralna-izborna-komisija-Bosne-i-Hercegovine-100083235705310,confirmed_user,,,https://x.com/IZBORI_BA,confirmed_user,,official website; decisions; certified lists; results; observer materials; Facebook,website/API/manual PDF,1,0.882,1,0.8,0.0,0.0,0.95,0.05,0.35,0.9,0.7,1,0.05,0.75,0.75,"Zvanični izborni organ; izvor za liste, rezultate, odluke i rokove."
BIH_ELEC_002,Koalicija Pod lupom,BiH izbori / monitoring,election_monitoring,BiH,BiH,ALL,BiH,https://podlupom.org/,https://www.facebook.com/koalicijapodlupom,confirmed_user,,,https://x.com/PodLupom,confirmed_user,,website reports; Facebook; press releases,website/RSS/manual PDF,1,0.793,0.95,0.7,0.0,0.0,0.86,0.22,0.45,0.65,0.55,0.9,0.12,0.7,0.75,Posmatranje izbora i izvještaji; važan korektiv za nepravilnosti.
BIH_ELEC_003,Transparency International BiH,ONG / corruption / elections,ngo_monitoring,BiH,BiH,ALL,BiH,https://ti-bih.org/,https://www.facebook.com/tibihorg,confirmed_user,https://www.instagram.com/transparency_bih/,confirmed_user,https://x.com/tibihorg,confirmed_user,,website; reports; Facebook; X; public procurement/corruption posts,website/RSS/social,1,0.78,0.88,0.65,0.0,0.0,0.88,0.3,0.4,0.7,0.55,0.9,0.15,0.75,1.0,"Korupcija, javne nabavke, zloupotrebe javnih resursa; vrlo bitno za izbore."
BIH_ELEC_005,Istinomjer,fact-checking / politics,fact_check,BiH,BiH,ALL,BiH,https://istinomjer.ba/,https://www.facebook.com/istinomjer,confirmed_user,,,https://x.com/Istinomjer,confirmed_user,,website fact-check; Facebook; X,website/RSS/social,2,0.703,0.8,0.45,0.0,0.0,0.84,0.35,0.45,0.55,0.45,0.8,0.2,0.75,0.75,Politička obećanja i provjera izjava.
BIH_ELEC_006,Raskrinkavanje,fact-checking / misinformation,fact_check,BiH,BiH,ALL,BiH,https://raskrinkavanje.ba/,https://www.facebook.com/raskrinkavanje,confirmed_user,,,https://x.com/raskrinkavanje,confirmed_user,,website fact-check; Facebook; X,website/RSS/social,2,0.69,0.75,0.4,0.0,0.0,0.84,0.35,0.45,0.55,0.45,0.8,0.2,0.75,0.75,"Dezinformacije, viralni narativi i manipulacije."
BIH_ELEC_004,CCI BiH,ONG / government monitoring,ngo_monitoring,BiH,BiH,ALL,BiH,https://cci.ba/,https://www.facebook.com/CCIBIH,confirmed_user,,,,,,website; monitoring reports; Facebook,website/manual PDF,2,0.686,0.72,0.55,0.0,0.0,0.84,0.3,0.35,0.55,0.4,0.85,0.15,0.65,0.5,"Monitoring rada vlada, parlamenata i institucija."
SRC_003,OHR,international official,international_official,BiH,BiH,ALL,BiH,https://www.ohr.int/,,not_present_user,,,https://x.com/OHR_BiH,confirmed_user,,website; X; press releases,website/X/manual,3,0.635,0.55,0.25,0.0,0.0,0.85,0.25,0.25,0.7,0.4,0.8,0.1,0.6,0.5,Nema potvrđenu FB stranicu; politički institucionalni signal.
BIH_ELEC_008,OSCE/ODIHR BiH elections,international election observation,international_monitoring,BiH,BiH,ALL,BiH,https://www.osce.org/odihr/elections/bih,,not_found,,,https://x.com/osce_odihr,confirmed_user,,OSCE/ODIHR website; PDF reports,manual PDF,3,0.634,0.82,0.3,0.0,0.0,0.9,0.18,0.2,0.55,0.25,0.85,0.08,0.45,0.5,Nema posebnu BiH FB stranicu; koristiti izvještaje i saopštenja.
BIH_ELEC_007,BH Novinari,media freedom / NGO,ngo_monitoring,BiH,BiH,ALL,BiH,https://bhnovinari.ba/,https://www.facebook.com/BHnovinari,confirmed_user,,,,,,website; Facebook; press releases,website/social,3,0.594,0.55,0.25,0.0,0.0,0.8,0.3,0.35,0.45,0.35,0.75,0.12,0.6,0.5,Sloboda medija i pritisci na novinare.
RS_IJ_001,BN / RTV BN,RS entitet / TV portal,media_tv,RS,Bijeljina/RS-wide,IJ6/ALL,Bijeljina; RS,https://www.rtvbn.com/,https://www.facebook.com/p/BN-Portal-100064626198037,confirmed_user,https://www.instagram.com/bn_televizija/,confirmed_user,https://x.com/rtvbn1,confirmed_user,,website; Facebook; Instagram; X; video,website/social,1,0.848,0.88,0.75,0.45,0.3,0.68,0.8,0.95,0.9,0.82,0.6,0.5,0.8,1.0,Jak opozicioni/kontra-signal; vrlo visok social reach.
BL_IJ3_001,Srpskainfo,RS entitet / portal,media_portal,RS,Banja Luka/RS-wide,IJ3/ALL,Banja Luka; RS,https://srpskainfo.com/,https://www.facebook.com/srpskainfocom,confirmed_user,https://www.instagram.com/srpskainfo/,confirmed_user,https://x.com/Srpska_info,confirmed_user,,website; Facebook; Instagram; X,website/social,1,0.845,0.86,0.75,0.85,0.45,0.7,0.55,0.85,0.85,0.9,0.55,0.45,0.85,1.0,"Brzina, viralnost i dnevni narativ; dobar za detekciju tema."
RS_ENT_001,RTRS,RS entitet / institutional media,media_public,RS,RS-wide,ALL,RS,https://www.rtrs.tv/,https://www.facebook.com/rtrs.vijesti,confirmed_user,https://www.instagram.com/rtrsvijesti/,confirmed_user,https://x.com/RTRSvijesti,confirmed_user,,website; Facebook; Instagram; X; YouTube/TV clips,website/RSS/social,1,0.832,0.9,0.8,0.85,0.5,0.7,0.8,0.75,0.85,0.8,0.65,0.45,0.85,1.0,Institucionalni signal RS; posebno važan za narativ vlasti.
RS_ENT_002,ATV,RS entitet / TV portal,media_tv,RS,RS-wide,ALL,RS,https://www.atvbl.rs/,https://www.facebook.com/AtvBanjaluka,confirmed_user,https://www.instagram.com/atvbl/,confirmed_user,https://x.com/AtvBanjaluka,confirmed_user,,website; Facebook; Instagram; X; video,website/social,1,0.797,0.88,0.75,0.8,0.45,0.62,0.85,0.85,0.8,0.75,0.55,0.55,0.8,1.0,Jak TV/portal signal; provladin narativ.
BL_IJ3_002,Nezavisne novine,RS entitet / mainstream,media_portal,RS,Banja Luka/BiH,IJ3/ALL,Banja Luka; BiH,https://www.nezavisne.com/,https://www.facebook.com/NezavisneNovine,confirmed_user,,,https://x.com/NezavisneBL,confirmed_user,,website; Facebook; X,website/RSS/social,1,0.764,0.78,0.65,0.65,0.35,0.72,0.5,0.65,0.7,0.75,0.55,0.4,0.85,0.75,Mainstream dnevni izvor; stabilan signal.
BL_IJ3_003,Glas Srpske,RS entitet / mainstream,media_portal,RS,Banja Luka/RS-wide,IJ3/ALL,Banja Luka; RS,https://www.glassrpske.com/,https://www.facebook.com/glassrpske,confirmed_user,,,https://x.com/GlasSrpske,confirmed_user,,website; Facebook; X,website/social,1,0.724,0.75,0.65,0.6,0.3,0.68,0.65,0.6,0.65,0.7,0.55,0.45,0.8,0.75,Tradicionalni RS mainstream; institucionalniji ton.
POL_RS_001,SNSD,RS party / vlast,party_official,RS,RS-wide/Banja Luka,ALL/IJ3,RS; Banja Luka,https://snsd.org/,https://www.facebook.com/snsd.milorad.dodik,confirmed_user,,,https://x.com/SNSDDodik,confirmed_user,,official website; Facebook; X; local city boards,official/social,1,0.824,0.95,0.85,0.85,0.8,0.5,1.0,0.85,0.95,0.8,0.9,0.75,0.65,0.75,Glavni faktor vlasti; pratiti centralno + GO Banja Luka/Doboj.
BL_IJ3_006,Banjaluka24,Banja Luka / IJ3 local FB-heavy,local_portal_fb,RS,Banja Luka,IJ3,Banja Luka,https://banjaluka-24.com/,https://www.facebook.com/banjaluka24portal,confirmed_user,https://www.instagram.com/banjaluka24portal/,confirmed_user,,,,website; Facebook page primary; Instagram candidate,facebook-first + website scrape,1,0.808,0.82,0.95,1.0,0.15,0.5,0.6,0.95,0.8,0.9,0.35,0.7,0.75,0.75,Vrlo jak FB engagement; web postoji; X nije prioritet.
BL_IJ3_012,Draško Stanivuković,political actor / mayor,political_actor,RS,Banja Luka,IJ3,Banja Luka,,,to_check,,,,,,Facebook/Instagram/X official profiles; press clips,social-first/manual,1,0.802,0.85,0.95,1.0,0.05,0.5,0.95,0.9,0.85,0.85,0.75,0.75,0.55,0.0,Lični profil gradonačelnika; visoka politička relevantnost za IJ3.
POL_RS_003,PDP,RS party / opposition,party_official,RS,RS-wide/Banja Luka,ALL/IJ3,RS; Banja Luka,https://pdp.rs.ba/,https://www.facebook.com/pdprsrpska,confirmed_user,,,,,,official website; Facebook; Instagram; local boards,official/social,1,0.799,0.9,0.85,1.0,0.35,0.5,0.95,0.85,0.85,0.75,0.85,0.7,0.65,0.5,"Vrlo relevantan za Banja Luku/IJ3, gradonačelnik i gradska politika."
BL_IJ3_011,Grad Banja Luka,official local government,official_local,RS,Banja Luka,IJ3,Banja Luka,https://www.banjaluka.rs.ba/,https://www.facebook.com/gubanjaluka,confirmed_user,https://www.instagram.com/gubanjaluka/,confirmed_user,,,,official website; public notices; mayor/city Facebook,website/manual/social,1,0.78,0.7,0.9,1.0,0.05,0.85,0.65,0.55,0.75,0.5,0.9,0.25,0.65,0.75,Zvanični lokalni izvor; bitan za teme gradske uprave i lokalnih kriza.
BL_IJ3_007,BL Portal,Banja Luka / IJ3 local,local_portal,RS,Banja Luka,IJ3,Banja Luka,https://www.bl-portal.com/,https://www.facebook.com/blportal.banjaluka,confirmed_user,https://www.instagram.com/bl_portal/,confirmed_user,https://x.com/bl_portal,confirmed_user,,website; Facebook; Instagram; X,website/social,1,0.774,0.78,0.9,0.95,0.1,0.6,0.5,0.75,0.65,0.75,0.45,0.5,0.85,1.0,Dobar gradski puls; ima vidljive social kanale.
POL_RS_004,Ujedinjena Srpska,RS party / vlast,party_official,RS,RS-wide/Banja Luka,ALL/IJ3,RS; Banja Luka,https://ujedinjenasrpska.rs/,https://www.facebook.com/najboljezasve,confirmed_user,,,,,,official website; Facebook; Instagram; local boards,official/social,1,0.714,0.82,0.75,0.75,0.55,0.45,0.95,0.75,0.7,0.65,0.75,0.7,0.6,0.5,Relevantan partner vlasti; pratiti centralno i lokalne odbore.
BL_IJ3_008,Banjaluka.net,Banja Luka / IJ3 local,local_portal,RS,Banja Luka,IJ3,Banja Luka,https://banjaluka.net/,https://www.facebook.com/Banjalukanet,confirmed_user,https://www.instagram.com/banjalukanet/,confirmed_user,https://x.com/BanjalukaNet,confirmed_user,,website; Facebook; Instagram; X; YouTube/Telegram if active,website/social,2,0.735,0.72,0.85,0.9,0.1,0.62,0.45,0.65,0.6,0.65,0.5,0.45,0.8,1.0,Lokalni gradski izvor; web footer pokazuje social kanale.
BL_IJ3_005,Buka,analysis / civic portal,analysis_portal,BiH/RS,Banja Luka/BiH,IJ3/ALL,Banja Luka; BiH,https://6yka.com/,https://www.facebook.com/BUKA.portal,confirmed_user,https://www.instagram.com/bukaportal/,confirmed_user,https://x.com/Buka_portal,confirmed_user,,website; Facebook; Instagram; X,website/social,2,0.734,0.7,0.6,0.65,0.25,0.72,0.7,0.7,0.65,0.6,0.75,0.35,0.75,1.0,Građanski/kritički signal; važno za urbane i opozicione narative.
POL_RS_011,Narodni front,RS party / opposition,party_official,RS,RS-wide/Banja Luka,ALL/IJ3,RS; Banja Luka,https://narodnifront.com/,https://www.facebook.com/NarodniFrontRS,confirmed_user,,,,,,official website; Facebook; Instagram; local boards,official/social,2,0.694,0.78,0.7,0.8,0.3,0.45,0.95,0.75,0.65,0.65,0.75,0.7,0.6,0.5,"Relevantan opozicioni faktor, posebno kroz Jelenu Trivić i BL narativ."
BL_IJ3_009,Banjaluka.com,Banja Luka / IJ3 local,local_portal,RS,Banja Luka,IJ3,Banja Luka,https://www.banjaluka.com/,https://www.facebook.com/banjaluka.com,✅ CONFERMATO,,,,,,website; Facebook; reader reports,website/social,2,0.677,0.65,0.75,0.85,0.1,0.58,0.4,0.55,0.55,0.6,0.45,0.45,0.75,0.4,Lokalni servisni portal; korisno za gradski signal i prijave čitalaca.
BL_IJ3_010,eTrafika,Banja Luka / civil society media,civil_media,RS/BiH,Banja Luka,IJ3,Banja Luka; BiH,https://etrafika.net/,https://www.facebook.com/eTrafika.net,confirmed_user,https://www.instagram.com/etrafika/,confirmed_user,https://x.com/eTrafika,confirmed_user,,website; Facebook; Instagram; X,website/social,2,0.663,0.62,0.55,0.65,0.05,0.78,0.5,0.5,0.45,0.45,0.75,0.25,0.75,1.0,"Društvene teme, ljudska prava, korupcija; manji volumen, dobar signal."
RS_IJ_013,Dobojski.info,IJ5 Doboj focus,local_portal,RS,Doboj,IJ5,Doboj; Doboj region,https://www.dobojski.info/,https://www.facebook.com/dobojski.info,confirmed_user,https://www.instagram.com/dobojskiinfo/,confirmed_user,,,,website; Facebook; Instagram candidate,website/social,1,0.81,0.82,0.95,0.02,1.0,0.62,0.45,0.8,0.7,0.75,0.55,0.45,0.8,0.75,Jak nezavisni portal u Doboju; naročito bitan za IJ5.
RS_IJ_017,Grad Doboj,official local government,official_local,RS,Doboj,IJ5,Doboj,https://doboj.gov.ba/,https://www.facebook.com/GradDoboj,confirmed_user,https://www.instagram.com/grad_doboj/,confirmed_user,,,,official website; city Facebook; mayor/city posts,website/manual/social,1,0.787,0.78,0.9,0.0,1.0,0.85,0.65,0.55,0.7,0.55,0.9,0.25,0.65,0.75,"Zvanični lokalni izvor; bitan za infrastrukturu, budžet, lokalne krize."
POL_RS_002,SDS,RS party / opposition,party_official,RS,RS-wide,ALL,RS,https://www.sdsrs.com/,https://www.facebook.com/srpskademokratskastranka,confirmed_user,,,,,,official website; Facebook; Instagram; local boards,official/social,1,0.781,0.9,0.85,0.45,0.8,0.5,0.95,0.75,0.85,0.7,0.85,0.7,0.65,0.5,Glavni opozicioni faktor; lokalno važan i za Doboj/Teslić/Prijedor.
RS_IJ_012,Glas Regije,IJ4/IJ5 regional Doboj,regional_portal,RS,Doboj region,IJ4/IJ5,Doboj; Šamac; Modriča; Teslić; Derventa; Petrovo; Stanari; Brod,https://glasregije.net/,https://www.facebook.com/glasregije,⚠️ DA VERIFICARE,,,,,,website; Facebook; regional pages,website/social,1,0.75,0.82,0.95,0.05,0.95,0.55,0.45,0.7,0.6,0.7,0.45,0.55,0.75,0.4,Ključan regionalni izvor za dobojsku regiju; pokriva više opština IJ4/IJ5.
RS_IJ_014,RTV Doboj,IJ5 Doboj official/local media,local_tv_radio,RS,Doboj,IJ5,Doboj,https://rtvdoboj.org/,https://www.facebook.com/rtvdoboj,⚠️ DA VERIFICARE,,,,,,website; Facebook; video/radio,website/social/video,1,0.741,0.78,0.9,0.02,0.95,0.65,0.5,0.65,0.55,0.6,0.55,0.4,0.75,0.4,Regionalna zemaljska i online radio/TV kuća; važan tradicionalni izvor.
RS_IJ_015,Granice Doboja,IJ5 Doboj regional,local_portal,RS,Doboj,IJ5,Doboj; region,https://granicedoboja.info/,https://www.facebook.com/GraniceDoboja.info,✅ TROVATO,,,,,,website; Facebook,website/social,2,0.642,0.65,0.8,0.01,0.85,0.5,0.45,0.6,0.45,0.55,0.35,0.55,0.7,0.4,Dopunski Doboj/regija signal.
RS_IJ_016,Teslić Danas,IJ5 Teslić,local_portal,RS,Teslić,IJ5,Teslić,https://teslicdanas.net/,https://www.facebook.com/teslicdanas,✅ TROVATO,,,,,,website; Facebook,website/social,2,0.623,0.65,0.8,0.0,0.7,0.5,0.45,0.55,0.4,0.55,0.35,0.55,0.65,0.4,Lokalni signal Teslić; bitan za IJ5 balans van Doboja.
RS_IJ_018,InfoBijeljina,IJ6 local,local_portal,RS,Bijeljina,IJ6,Bijeljina; Semberija,https://www.infobijeljina.com/,https://www.facebook.com/infobijeljina,confirmed_user,https://www.instagram.com/infobijeljina/,confirmed_user,https://x.com/InfoBijeljina,confirmed_user,,website; Facebook; Instagram; X,website/social,1,0.778,0.75,0.9,0.02,0.05,0.6,0.45,0.8,0.65,0.75,0.45,0.5,0.85,1.0,Jak Semberija/Bijeljina lokalni izvor.
RS_IJ_005,Micro Mreža,IJ2 local,local_portal,RS,Gradiška/Srbac/Laktaši,IJ2,Gradiška; Srbac; Laktaši,https://micromreza.com/,https://www.facebook.com/micromreza,confirmed_user,https://www.instagram.com/micromreza/,confirmed_user,https://x.com/micro_mreza,confirmed_user,,website; Facebook; Instagram; X,website/social,2,0.749,0.72,0.85,0.1,0.05,0.66,0.45,0.75,0.55,0.65,0.5,0.4,0.8,1.0,Najvažniji regionalni izvor za IJ2.
RS_IJ_029,TrebinjeLive,IJ9 local,local_portal,RS,Trebinje/Hercegovina,IJ9,Trebinje; Istočna Hercegovina,https://trebinjelive.info/,https://www.facebook.com/trebinjelive,confirmed_user,,,https://x.com/trebinjelive2,confirmed_user,,website; Facebook; X,website/social,2,0.743,0.72,0.85,0.0,0.0,0.66,0.45,0.7,0.55,0.65,0.45,0.4,0.85,0.75,Jak lokalni portal za Trebinje i Hercegovinu.
RS_IJ_008,Prnjavor.info,IJ2 local,local_portal,RS,Prnjavor,IJ2,Prnjavor,https://www.prnjavor.info/,,to_check,,,https://x.com/PrnjavorInfo,confirmed,,website; Facebook; X,website/social,2,0.729,0.68,0.8,0.05,0.02,0.65,0.45,0.75,0.55,0.6,0.45,0.4,0.8,0.4,Jak prnjavorski lokalni izvor.
RS_IJ_019,Dešavanja u Bijeljini,IJ6 local,local_portal,RS,Bijeljina,IJ6,Bijeljina; Semberija,https://desavanjaubijeljini.com/,https://www.facebook.com/desavanjaubijeljini,confirmed_user,https://www.instagram.com/desavanjaubijeljini/,confirmed_user,https://x.com/desavanjaubn,confirmed_user,,website; Facebook; Instagram; X,website/social,2,0.724,0.72,0.85,0.02,0.05,0.56,0.5,0.75,0.55,0.7,0.4,0.55,0.8,1.0,"Lokalni signal za Semberiju, dobar za social dinamiku."
RS_IJ_002,InfoPrijedor,IJ1 local,local_portal,RS,Prijedor,IJ1,Prijedor; Novi Grad; Kozarska Dubica,https://infoprijedor.ba/,https://www.facebook.com/infoprijedor.ba,✅ CONFERMATO,,,,,,website; Facebook,website/social,2,0.723,0.72,0.85,0.05,0.05,0.58,0.45,0.7,0.55,0.65,0.45,0.5,0.8,0.4,Lokalni Prijedor signal.
RS_IJ_025,Katera,IJ8 local,local_portal,RS,Istočno Sarajevo,IJ8,Istočno Sarajevo; Pale; Romanija,https://katera.news/,https://www.facebook.com/katera.news,⚠️ DA VERIFICARE,,,,,,website; Facebook,website/social,2,0.711,0.72,0.85,0.0,0.02,0.62,0.45,0.65,0.5,0.6,0.45,0.45,0.8,0.4,Važan portal za Istočno Sarajevo/Romaniju.
RS_IJ_003,Kozarski vjesnik,IJ1 local traditional,local_media,RS,Prijedor,IJ1,Prijedor,https://kozarski.com/,https://www.facebook.com/kozarskivjesnikprijedor,✅ CONFERMATO,,,,,,website; Facebook,website/social,2,0.7,0.68,0.8,0.03,0.05,0.68,0.45,0.6,0.5,0.5,0.55,0.35,0.75,0.4,Tradicionalniji lokalni medij.
RS_IJ_021,Zvornički.ba,IJ7 local,local_portal,RS/BiH,Zvornik,IJ7,Zvornik; Podrinje,https://zvornicki.ba/,https://www.facebook.com/zvornicki.ba,⚠️ DA VERIFICARE,,,,,,website; Facebook,website/social,2,0.696,0.72,0.85,0.0,0.02,0.58,0.45,0.6,0.5,0.6,0.45,0.5,0.8,0.4,Ključan lokalni izvor za Zvornik/Podrinje.
RS_IJ_030,Direkt Portal,IJ9 local/political,local_portal,RS,Istočna Hercegovina,IJ9,Trebinje; Foča; Bileća; Berkovići,https://direkt-portal.com/,,to_check,,,https://x.com/direkt_portal,confirmed,,website; Facebook; X,website/social,2,0.695,0.72,0.8,0.0,0.0,0.68,0.55,0.55,0.45,0.55,0.6,0.35,0.75,0.4,Dobar za lokalne afere i političke teme u Hercegovini.
RS_IJ_031,Herceg TV,IJ9 regional TV,local_tv,RS,Hercegovina,IJ9,Trebinje; Bileća; Gacko; Nevesinje; Foča; Višegrad,https://www.herceg.tv/,https://www.facebook.com/hercegtv,⚠️ DA VERIFICARE,,,,,,website; Facebook; video,website/social/video,2,0.694,0.68,0.75,0.0,0.0,0.65,0.5,0.65,0.5,0.55,0.5,0.4,0.75,0.4,Regionalni TV/web signal za Hercegovinu.
RS_IJ_027,Spin Info,IJ8 local/political,local_portal,RS,Istočno Sarajevo,IJ8,Istočno Sarajevo,https://spin-portal.info/,https://www.facebook.com/spin.info,⚠️ DA VERIFICARE,,,,,,website; Facebook,website/social,2,0.676,0.7,0.8,0.0,0.02,0.6,0.55,0.6,0.45,0.55,0.55,0.5,0.75,0.4,Dobro za lokalne afere i gradske sukobe.
RS_IJ_009,Derventski List,IJ4 local,local_media,RS,Derventa,IJ4,Derventa,https://derventskilist.net/,https://www.facebook.com/derventskil,⚠️ DA VERIFICARE,,,,,,website; Facebook,website/social,2,0.673,0.65,0.8,0.02,0.25,0.62,0.45,0.6,0.45,0.45,0.55,0.35,0.7,0.4,Derventa lokalni medij; važan za IJ4.
RS_IJ_026,Palelive,IJ8 local,local_portal,RS,Pale/Istočno Sarajevo,IJ8,Pale; Istočno Sarajevo,https://www.palelive.com/,https://www.facebook.com/palelive,⚠️ DA VERIFICARE,,,https://x.com/Palelive,confirmed,,website; Facebook; X,website/social,2,0.669,0.68,0.8,0.0,0.02,0.58,0.45,0.6,0.45,0.55,0.4,0.45,0.75,0.6,Lokalni Pale/Istočno Sarajevo signal.
RS_IJ_010,Modričainfo,IJ4 local,local_portal,RS,Modriča,IJ4,Modriča,https://www.modricainfo.com/,https://www.facebook.com/modricainfo,⚠️ DA VERIFICARE,,,,,,website; Facebook,website/social,2,0.665,0.65,0.8,0.02,0.25,0.55,0.45,0.7,0.45,0.55,0.35,0.5,0.7,0.4,"Modriča lokalni signal, FB važan."
RS_IJ_022,Zvornik Danas,IJ7 local,local_portal,RS,Zvornik,IJ7,Zvornik; Birač,https://www.zvornikdanas.com/,https://www.facebook.com/zvornikdanas,⚠️ DA VERIFICARE,,,https://x.com/ZvornikDanas,confirmed,,website; Facebook; X,website/social,2,0.663,0.68,0.8,0.0,0.02,0.56,0.45,0.6,0.45,0.55,0.4,0.5,0.75,0.6,Dnevni informativni magazin za Zvornik i Birač.
BL_IJ3_004,Frontal.ba,political portal / opinion,analysis_portal,RS,Banja Luka/RS,IJ3/ALL,Banja Luka; RS,https://www.frontal.ba/,https://www.facebook.com/frontal.ba,⚠️ DA VERIFICARE,,,,,,website; Facebook,website/social,2,0.652,0.65,0.55,0.55,0.25,0.62,0.65,0.55,0.5,0.55,0.7,0.4,0.7,0.4,"Manji, ali signalno relevantan za politički stav i komentare."
RS_IJ_007,Radio Gradiška,IJ2 local radio,local_media,RS,Gradiška,IJ2,Gradiška,https://radiogradiska.com/,https://www.facebook.com/radiogradiska,⚠️ DA VERIFICARE,,,,,,website; Facebook; radio/audio,website/social,3,0.644,0.62,0.65,0.05,0.02,0.64,0.45,0.55,0.45,0.5,0.45,0.35,0.7,0.4,Gradiška lokalni radio/portal.
RS_IJ_006,Laktaši Info,IJ2 local,local_portal,RS,Laktaši,IJ2,Laktaši,https://laktasi.info/,https://www.facebook.com/laktasi.info,⚠️ DA VERIFICARE,,,,,,website; Facebook,website/social,3,0.636,0.6,0.65,0.1,0.02,0.55,0.5,0.65,0.45,0.55,0.35,0.5,0.75,0.4,Lokalni Laktaši signal.
RS_IJ_023,Drina Press,IJ7 local/civil,local_civil_media,RS/BiH,Srebrenica/Podrinje,IJ7,Srebrenica; Bratunac; Podrinje,https://www.drinapress.org/,https://www.facebook.com/drinapress,⚠️ DA VERIFICARE,,,,,,website; Facebook,website/social,3,0.62,0.62,0.7,0.0,0.0,0.62,0.45,0.45,0.35,0.45,0.55,0.35,0.7,0.4,Osjetljiv lokalni signal za Srebrenicu/Podrinje.
RS_IJ_028,IS Radio,IJ8 local radio,local_media,RS,Istočno Sarajevo,IJ8,Istočno Sarajevo,https://is-radio.com/,https://www.facebook.com/isradio,⚠️ DA VERIFICARE,,,,,,website; Facebook; audio,website/social,3,0.611,0.58,0.65,0.0,0.01,0.64,0.45,0.5,0.35,0.45,0.45,0.35,0.7,0.4,Tradicionalniji kontrolni lokalni izvor.
RS_IJ_032,Trebinje Danas,IJ9 local,local_portal,RS,Trebinje,IJ9,Trebinje,https://trebinjedanas.com/,https://www.facebook.com/portal.trebinjedanas,✅ TROVATO,,,,,,website; Facebook,website/social,3,0.592,0.55,0.65,0.0,0.0,0.56,0.45,0.55,0.35,0.45,0.35,0.5,0.75,0.4,Dopunski gradski signal.
RS_IJ_004,PrijedorDanas,IJ1 local,local_portal,RS,Prijedor,IJ1,Prijedor,https://www.prijedordanas.com/,https://www.facebook.com/PrijedorDanasCom,✅ TROVATO,,,,,,website; Facebook,website/social,3,0.586,0.55,0.65,0.02,0.03,0.52,0.45,0.5,0.4,0.5,0.35,0.55,0.7,0.4,Dopunski lokalni signal.
RS_IJ_033,Bileća Online,IJ9 local,local_portal,RS,Bileća,IJ9,Bileća,https://bilecaonline.com/,https://www.facebook.com/bilecaonline,✅ TROVATO,,,,,,website; Facebook,website/social,3,0.584,0.55,0.65,0.0,0.0,0.55,0.45,0.5,0.35,0.45,0.35,0.45,0.7,0.4,Mikro-lokalni Bileća signal.
RS_IJ_011,Moj Brod,IJ4 local,local_portal,RS,Brod,IJ4,Brod,https://mojbrod.info/,https://www.facebook.com/mojbrod.info,✅ TROVATO,,,,,,website; Facebook,website/social,3,0.58,0.55,0.65,0.01,0.2,0.52,0.45,0.55,0.35,0.45,0.35,0.5,0.65,0.4,Mikro-lokalni izvor za Brod.
RS_IJ_024,UPSMedia,IJ7 local,local_portal,RS/BiH,Srebrenica/Bratunac,IJ7,Srebrenica; Bratunac,https://www.upsmedia.ba/,https://www.facebook.com/UPSMedia.ba,⚠️ DA VERIFICARE,,,,,,website; Facebook,website/social,3,0.58,0.55,0.65,0.0,0.0,0.55,0.45,0.5,0.35,0.45,0.35,0.45,0.65,0.4,Lokalni dopunski signal.
RS_IJ_020,Bijeljina.org / Bijeljina Danas,IJ6 local,local_portal,RS,Bijeljina,IJ6,Bijeljina,https://www.bijeljina.org/,https://www.facebook.com/bijeljinadanas,✅ TROVATO,,,,,,website; Facebook,website/social,3,0.566,0.55,0.65,0.0,0.02,0.5,0.4,0.45,0.35,0.45,0.35,0.5,0.65,0.4,Dopunski lokalni izvor.
BL_IJ3_013,Banjalučka berza,official/market,economic_market,RS,Banja Luka/RS,IJ3/ALL,Banja Luka; RS,https://www.blberza.com/,https://www.facebook.com/p/Banjalučka-berza-hartija-od-vrijednosti-100076396975113,✅ TROVATO,,,,,,website; Facebook; market data,website/manual,3,0.518,0.25,0.2,0.15,0.05,0.85,0.1,0.2,0.3,0.25,0.85,0.05,0.65,0.4,Kapitalno tržište RS; nišni ekonomski signal.
ECO_001,Capital.ba,economic / investigative RS,economic_media,RS,RS/BiH,ALL,RS; BiH,https://capital.ba/,https://www.facebook.com/portalcapital,confirmed_user,,,https://x.com/portal_CAPITAL,confirmed_user,,website; Facebook; X,website/social,1,0.759,0.68,0.65,0.45,0.55,0.78,0.55,0.65,0.65,0.65,0.85,0.3,0.8,0.75,"Ekonomske afere, javna preduzeća, tenderi; obavezan ekonomski sloj."
ECO_002,Akta.ba,economic portal BiH,economic_media,BiH,BiH,ALL,BiH,https://www.akta.ba/,https://www.facebook.com/akta.ba,⚠️ DA VERIFICARE,,,,,,website; Facebook,website/social,2,0.645,0.45,0.35,0.1,0.2,0.7,0.25,0.55,0.55,0.55,0.65,0.25,0.8,0.4,"Poslovne vijesti, firme, investicije."
ECO_007,Republički zavod za statistiku RS,official statistics RS,official_statistics,RS,RS,ALL,RS,https://www.rzs.rs.ba/,https://www.facebook.com/rsstatistika,✅ TROVATO,,,,,,official website; Facebook; datasets,website/manual/API,2,0.627,0.35,0.35,0.05,0.1,0.95,0.1,0.25,0.55,0.35,0.95,0.05,0.7,0.4,Zvanična statistika RS.
SRC_006,Centralna banka BiH,official economy,official_economic,BiH,BiH,ALL,BiH,https://www.cbbh.ba/,https://www.facebook.com/CentralnaBankaBiH,✅ TROVATO,,,,,,official website; Facebook; statistics,website/manual/API,2,0.624,0.35,0.25,0.02,0.05,0.95,0.05,0.25,0.6,0.35,0.95,0.05,0.7,0.4,Zvanični makro/monetarni podaci.
ECO_006,Agencija za statistiku BiH,official statistics,official_statistics,BiH,BiH,ALL,BiH,https://bhas.gov.ba/,https://www.facebook.com/BHAS.BIH,✅ TROVATO,,,,,,official website; Facebook; datasets,website/manual/API,2,0.597,0.35,0.25,0.02,0.05,0.95,0.05,0.2,0.5,0.3,0.95,0.05,0.7,0.4,Zvanična statistika BiH.
ECO_004,eKapija,economic / regional business,economic_media,BiH/region,BiH/region,ALL,BiH; region,https://ba.ekapija.com/,https://www.facebook.com/ekapija,⚠️ DA VERIFICARE,,,,,,website; Facebook,website/social,3,0.578,0.4,0.25,0.05,0.1,0.65,0.3,0.5,0.45,0.5,0.55,0.3,0.75,0.4,"Investicije, tenderi, infrastruktura."
SRC_007,Poreska uprava RS,official tax RS,official_economic,RS,RS,ALL,RS,https://poreskaupravars.org/,https://www.facebook.com/p/Пореска-управа-Републике-Српске-61554143518509,✅ TROVATO,,,,,,official website; Facebook; announcements,website/manual,3,0.575,0.3,0.25,0.05,0.1,0.9,0.1,0.25,0.45,0.3,0.9,0.05,0.65,0.4,Zvanični poreski i javno-prihodni signal RS.
ECO_003,BiznisInfo.ba,economic portal BiH,economic_media,BiH,BiH,ALL,BiH,https://www.biznisinfo.ba/,https://www.facebook.com/biznisinfo.ba,⚠️ DA VERIFICARE,,,,,,website; Facebook,website/social,3,0.57,0.4,0.25,0.05,0.15,0.62,0.3,0.5,0.45,0.55,0.45,0.35,0.75,0.4,"Biznis vijesti, investicije, tržište."
SRC_008,Uprava za indirektno oporezivanje BiH,official tax/customs,official_economic,BiH,BiH,ALL,BiH,https://www.uino.gov.ba/,,❌ NON TROVATO,,,https://x.com/UIO_BiH,confirmed,,official website; X; no confirmed Facebook,website/X/manual,3,0.554,0.3,0.2,0.0,0.05,0.9,0.1,0.2,0.4,0.3,0.9,0.05,0.65,0.4,Nema potvrđenu FB stranicu; koristiti sajt i X.
ECO_005,Indikator.ba,finance/economic BiH,economic_media,BiH,BiH,ALL,BiH,https://indikator.ba/,https://www.facebook.com/indikatorba,✅ TROVATO,,,,,,website; Facebook,website/social,3,0.551,0.4,0.25,0.02,0.1,0.65,0.3,0.4,0.4,0.45,0.55,0.25,0.7,0.4,Finansijski i poslovni signal.
SRC_001,Detektor / BIRN BiH,investigative / judiciary,investigative,BiH,BiH,ALL,BiH,https://detektor.ba/,https://www.facebook.com/detektor.ba,confirmed_user,,,https://x.com/detektor_ba,confirmed_user,,website; investigations; Facebook; X,website/RSS/social,2,0.689,0.65,0.35,0.0,0.0,0.85,0.35,0.45,0.65,0.45,0.9,0.2,0.7,0.75,"Pravosuđe, korupcija, ekstremizam; korektiv za teške teme."
SRC_005,Žurnal,investigative,investigative,BiH,BiH/RS,ALL,BiH; RS,https://zurnal.info/,https://www.facebook.com/zurnal.info,⚠️ DA VERIFICARE,,,,,,website; Facebook,website/social,2,0.685,0.65,0.35,0.2,0.2,0.8,0.65,0.55,0.65,0.45,0.9,0.3,0.75,0.4,Istraživački sloj za afere i korupciju.
SRC_010,Istraga.ba,BiH investigative/opinion,investigative,BiH,BiH,ALL,BiH,https://istraga.ba/,https://www.facebook.com/istraga.ba,⚠️ DA VERIFICARE,,,,,,website; Facebook,website/social,2,0.6,0.62,0.25,0.02,0.07,0.62,0.7,0.55,0.5,0.6,0.65,0.55,0.7,0.4,Istraživački/politički signal; provjeravati pristrasnost.
SRC_002,Mediacentar Sarajevo / Media.ba,media analysis,analysis,BiH,BiH,ALL,BiH,https://media.ba/,https://www.facebook.com/MediacentarSarajevo,⚠️ DA VERIFICARE,,,,,,website; publications; Facebook,website/manual PDF,3,0.608,0.65,0.25,0.0,0.0,0.83,0.35,0.35,0.45,0.25,0.85,0.15,0.65,0.4,Analize medija i društvenih mreža; relevantno za metodologiju pilota.
SRC_012,Analiziraj.ba,political/media analysis,analysis,BiH,BiH,ALL,BiH,https://analiziraj.ba/,https://www.facebook.com/analiziraj.ba,⚠️ DA VERIFICARE,,,,,,website; Facebook,website/social,3,0.552,0.55,0.2,0.0,0.0,0.72,0.45,0.4,0.35,0.3,0.7,0.3,0.7,0.4,Analize medija/politike; manji ali koristan korektiv.
SRC_013,Tačno.net,political/social commentary,analysis,BiH,BiH,ALL,BiH,https://tacno.net/,https://www.facebook.com/tacno.net,⚠️ DA VERIFICARE,,,,,,website; Facebook,website/social,3,0.531,0.5,0.2,0.0,0.0,0.65,0.6,0.4,0.35,0.35,0.65,0.35,0.7,0.4,Komentari i analize; provjeriti pristrasnost.
POL_RS_010,Za pravdu i red,RS movement / opposition,movement_official,RS,RS-wide/Hercegovina,ALL/IJ9,RS; Hercegovina,https://pravdared.com/,https://www.facebook.com/ZaPravduIRed,⚠️ DA VERIFICARE,,,,,,official website; Facebook; YouTube; social,social/website,2,0.681,0.75,0.65,0.2,0.2,0.5,0.95,0.7,0.65,0.6,0.8,0.7,0.6,0.4,Jak opozicioni/movement signal; Hercegovina i RS-wide.
POL_RS_005,DEMOS,RS party / vlast,party_official,RS,RS-wide,ALL,RS,https://demos-rs.com/,https://www.facebook.com/demos2018,✅ TROVATO,,,,,,official website; Facebook; local boards,official/social,2,0.619,0.72,0.6,0.35,0.45,0.45,0.9,0.6,0.55,0.5,0.65,0.65,0.55,0.4,Relevantan koalicioni faktor.
POL_RS_013,SDA RS / SDA BiH,BiH party,party_official,BiH/RS,BiH/RS,ALL,BiH; RS,https://sda.ba/,https://www.facebook.com/SDA,confirmed_user,,,,,,official website; Facebook; local branches,official/social,2,0.609,0.65,0.45,0.1,0.2,0.5,0.95,0.6,0.6,0.45,0.7,0.6,0.6,0.5,Relevantno u povratničkim sredinama i probosanskim koalicijama.
POL_RS_012,Pokret za državu,BiH/RS coalition/platform,political_bloc,RS/BiH,RS/BiH,ALL,RS; BiH,,,❌ NON TROVATO,,,,,,Facebook; party pages; CIK filings,manual/social,2,0.587,0.7,0.55,0.2,0.25,0.45,0.95,0.55,0.55,0.45,0.55,0.6,0.45,0.0,Probosanski blok u RS; pratiti kroz koalicione liste i partije.
POL_RS_007,Socijalistička partija RS,RS party / coalition,party_official,RS,RS-wide,ALL,RS,https://socijalisti.ba/,https://www.facebook.com/socijalistickapartija,confirmed_user,https://www.instagram.com/socijalistickapartija/,confirmed_user,,,,official website; Facebook; local boards,official/social,2,0.585,0.68,0.55,0.25,0.5,0.45,0.9,0.55,0.5,0.45,0.6,0.65,0.55,0.75,Koalicioni faktor; pratiti lokalne odbore.
POL_RS_006,SPS RS,RS party / vlast/opposition variable,party_official,RS,RS-wide,ALL,RS,https://spsrs.org/,https://www.facebook.com/spsrs.org,confirmed_user,https://www.instagram.com/sps_srpska/,confirmed_user,,,,official website; Facebook; local boards,official/social,2,0.582,0.65,0.55,0.25,0.4,0.42,0.9,0.55,0.5,0.5,0.6,0.65,0.55,0.75,Manji ali relevantan faktor; pratiti koalicione pomake.
POL_RS_009,NPS (Narodna partija Srpske),RS party / coalition,party_official,RS,RS-wide/Krajina,ALL/IJ1,RS; Krajina,https://npsrs.org/,https://www.facebook.com/npsrpske,confirmed_user,https://www.instagram.com/npsrpske/,confirmed_user,,,,official website; Facebook; local boards,official/social,2,0.575,0.65,0.55,0.15,0.25,0.42,0.9,0.55,0.5,0.45,0.55,0.65,0.55,0.75,Banjac/NPS; lokalno relevantan u Krajini.
POL_RS_008,DNS,RS party,party_official,RS,RS-wide/Prijedor,ALL/IJ1,RS; Prijedor,https://dnsrs.org/,https://www.facebook.com/dnsrs.org,confirmed_user,https://www.instagram.com/dns_srpska/,confirmed_user,,,,official website; Facebook; local boards,official/social,2,0.556,0.62,0.55,0.15,0.3,0.42,0.85,0.5,0.45,0.4,0.55,0.6,0.55,0.75,Historijski jak u Prijedoru; provjeriti trenutno stanje i lokalne odbore.
REG_001,N1 Srbija,Serbia regional,media_tv,Serbia,Serbia/region,REGION,Serbia; BiH region,https://n1info.rs/,https://www.facebook.com/N1Srbija,confirmed_user,https://www.instagram.com/n1srbija/,confirmed_user,https://x.com/n1srbija,confirmed_user,,website; Facebook; X; YouTube,website/social,3,0.671,0.45,0.15,0.0,0.05,0.75,0.55,0.75,0.7,0.7,0.6,0.4,0.85,1.0,Često pokriva region i BiH; relevantno za regionalni odjek.
REG_009,Index.hr,Croatia regional,media_portal,Croatia,Croatia/region,REGION,Croatia; BiH region,https://www.index.hr/,https://www.facebook.com/index.hr,confirmed_user,https://www.instagram.com/indexhr/,confirmed_user,https://x.com/indexhr,confirmed_user,,website; Facebook,website/social,3,0.646,0.38,0.1,0.0,0.03,0.62,0.55,0.8,0.75,0.85,0.45,0.6,0.85,1.0,Regionalno relevantan za BiH teme i hrvatski ugao.
REG_002,RTS,Serbia public broadcaster,media_public,Serbia,Serbia/region,REGION,Serbia; region,https://www.rts.rs/,https://www.facebook.com/rts,confirmed_user,https://www.instagram.com/rts_predstavlja/,confirmed_user,https://x.com/RTS_Vesti,confirmed_user,,website; Facebook; video,website/social,3,0.624,0.4,0.12,0.0,0.05,0.75,0.5,0.6,0.65,0.6,0.6,0.35,0.8,1.0,Zvaničniji srbijanski okvir; važan za regionalni mainstream.
REG_010,N1 Hrvatska,Croatia regional,media_tv,Croatia,Croatia/region,REGION,Croatia; BiH region,https://n1info.hr/,https://www.facebook.com/N1Hrvatska,confirmed_user,https://www.instagram.com/n1hrvatska/,confirmed_user,https://x.com/N1Hrvatska,confirmed_user,,website; Facebook; video,website/social,3,0.622,0.38,0.1,0.0,0.03,0.75,0.5,0.65,0.6,0.6,0.6,0.35,0.85,1.0,Kvalitetniji regionalni TV/news signal.
REG_005,Blic,Serbia mainstream,media_portal,Serbia,Serbia/region,REGION,Serbia; region,https://www.blic.rs/,https://www.facebook.com/Blic.rs,⚠️ DA VERIFICARE,,,,,,website; Facebook,website/social,3,0.621,0.35,0.1,0.0,0.03,0.55,0.55,0.8,0.75,0.85,0.35,0.65,0.8,0.4,Veliki regionalni reach; clickbait rizik.
REG_003,Nova.rs,Serbia news,media_portal,Serbia,Serbia/region,REGION,Serbia; region,https://nova.rs/,https://www.facebook.com/nova.rs,⚠️ DA VERIFICARE,,,,,,website; Facebook,website/social,3,0.593,0.4,0.12,0.0,0.03,0.65,0.65,0.65,0.6,0.7,0.45,0.55,0.8,0.4,"Regionalni odjek, opozicioniji ton prema Srbiji."
REG_006,Kurir,Serbia tabloid,media_portal,Serbia,Serbia/region,REGION,Serbia; region,https://www.kurir.rs/,https://www.facebook.com/kurir,⚠️ DA VERIFICARE,,,,,,website; Facebook,website/social,3,0.591,0.32,0.08,0.0,0.02,0.42,0.75,0.85,0.75,0.85,0.3,0.75,0.8,0.4,"Visok reach, visok tabloid/manipulativni rizik."
REG_007,Informer,Serbia tabloid/progovernment,media_portal,Serbia,Serbia/region,REGION,Serbia; region,https://informer.rs/,https://www.facebook.com/informer.rs,⚠️ DA VERIFICARE,,,,,,website; Facebook,website/social,3,0.589,0.35,0.08,0.0,0.02,0.4,0.9,0.85,0.8,0.85,0.3,0.85,0.8,0.4,"Visok reach i visoka pristrasnost; pratiti kao signal, ne kao vjerodostojnost."
REG_012,Večernji list,Croatia/BiH mainstream,media_portal,Croatia/BiH,Croatia/BiH,REGION,Croatia; BiH,https://www.vecernji.hr/,https://www.facebook.com/vecernji,⚠️ DA VERIFICARE,,,,,,website; Facebook,website/social,3,0.582,0.35,0.1,0.0,0.03,0.65,0.55,0.65,0.6,0.6,0.45,0.45,0.75,0.4,Važan za hrvatski/BiH hrvatski ugao.
REG_011,Jutarnji list,Croatia mainstream,media_portal,Croatia,Croatia/region,REGION,Croatia; BiH region,https://www.jutarnji.hr/,https://www.facebook.com/jutarnji,⚠️ DA VERIFICARE,,,,,,website; Facebook,website/social,3,0.579,0.3,0.08,0.0,0.02,0.65,0.45,0.65,0.6,0.6,0.45,0.4,0.75,0.4,Hrvatski mainstream; povremeno BiH teme.
REG_004,Danas,Serbia news/analysis,media_portal,Serbia,Serbia/region,REGION,Serbia; region,https://www.danas.rs/,https://www.facebook.com/danas.rs,⚠️ DA VERIFICARE,,,,,,website; Facebook,website/social,3,0.578,0.4,0.12,0.0,0.03,0.7,0.65,0.55,0.55,0.5,0.65,0.45,0.8,0.4,Analitički/opozicioniji srbijanski izvor.
REG_008,Politika,Serbia traditional,media_portal,Serbia,Serbia/region,REGION,Serbia; region,https://www.politika.rs/,https://www.facebook.com/PolitikaNovine,⚠️ DA VERIFICARE,,,,,,website; Facebook,website/social,3,0.559,0.35,0.08,0.0,0.02,0.7,0.45,0.5,0.55,0.45,0.55,0.35,0.75,0.4,Tradicionalni srbijanski medij.
REG_014,HRT,Croatia public broadcaster,media_public,Croatia,Croatia/region,REGION,Croatia; region,https://www.hrt.hr/,https://www.facebook.com/HRT,⚠️ DA VERIFICARE,,,,,,website; Facebook; video,website/social,3,0.545,0.25,0.06,0.0,0.01,0.75,0.4,0.5,0.5,0.45,0.55,0.3,0.75,0.4,Zvaničniji hrvatski mainstream signal.
REG_013,Telegram.hr,Croatia analysis/news,media_portal,Croatia,Croatia/region,REGION,Croatia; region,https://www.telegram.hr/,https://www.facebook.com/Telegram.hr,⚠️ DA VERIFICARE,,,,,,website; Facebook,website/social,3,0.536,0.25,0.06,0.0,0.01,0.7,0.45,0.55,0.45,0.45,0.6,0.35,0.75,0.4,Analitički hrvatski izvor; manji BiH fokus.
FBIH_001,Klix.ba,Federacija/BiH general,media_portal,BiH,Sarajevo/BiH,ALL,BiH,https://www.klix.ba/,https://www.facebook.com/Klix.ba,confirmed_user,https://www.instagram.com/klixba/,confirmed_user,https://x.com/Klixba,confirmed_user,,website; Facebook; Instagram; X,website/social,1,0.787,0.7,0.35,0.05,0.1,0.7,0.5,0.9,0.9,0.9,0.55,0.5,0.85,1.0,Najveći BiH portal; važan za nacionalni reach.
SRC_009,N1 BiH,BiH TV/news,media_tv,BiH,BiH,ALL,BiH,https://n1info.ba/,https://www.facebook.com/N1BiH,confirmed_user,https://www.instagram.com/n1bih/,confirmed_user,https://x.com/N1infoSA,confirmed_user,,website; Facebook; Instagram; X; video,website/social,1,0.776,0.75,0.35,0.05,0.15,0.75,0.55,0.8,0.85,0.75,0.65,0.4,0.85,1.0,"Visok nacionalni uticaj, često pokriva BiH/RS politiku."
FBIH_002,Dnevni avaz,Federacija/BiH general,media_portal,BiH,Sarajevo/BiH,ALL,BiH,https://avaz.ba/,https://www.facebook.com/dnevniavaz,confirmed_user,https://www.instagram.com/dnevniavaz/,confirmed_user,https://x.com/DnevniAvaz,confirmed_user,,website; Facebook; Instagram; X,website/social,2,0.69,0.6,0.3,0.03,0.1,0.62,0.55,0.75,0.75,0.8,0.45,0.55,0.8,1.0,Jak dnevni portal/list; relevantan za Federaciju i BiH-wide narativ.
SRC_004,Mondo.ba,RS/BiH portal,media_portal,BiH/RS,BiH/RS,ALL,BiH; RS,https://mondo.ba/,https://www.facebook.com/mondobih,confirmed_user,https://www.instagram.com/mondo_ba/,confirmed_user,https://x.com/Mondo_BA,confirmed_user,,website; Facebook,website/social,2,0.677,0.65,0.45,0.35,0.25,0.6,0.45,0.65,0.65,0.75,0.45,0.55,0.75,1.0,"Širi portal, koristan za popularizaciju i širenje tema."
FBIH_003,Oslobođenje,Federacija/BiH general,media_portal,BiH,Sarajevo/BiH,ALL,BiH,https://www.oslobodjenje.ba/,https://www.facebook.com/oslobodjenjeba,confirmed_user,https://www.instagram.com/oslobodjenje/,confirmed_user,https://x.com/Oslobodjenje_,confirmed_user,,website; Facebook; Instagram; X,website/social,2,0.669,0.6,0.3,0.03,0.1,0.68,0.5,0.65,0.65,0.7,0.5,0.45,0.8,1.0,Tradicionalni BiH medij.
FBIH_004,Raport.ba,Federacija/BiH politics,media_portal,BiH,Sarajevo/BiH,ALL,BiH,https://raport.ba/,https://www.facebook.com/raport.ba,✅ CONFERMATO,,,,,,website; Facebook,website/social,2,0.622,0.62,0.3,0.02,0.1,0.58,0.55,0.6,0.55,0.7,0.45,0.55,0.75,0.4,Političke vijesti i komentari; relevantan za Federaciju/BiH.
FBIH_005,Faktor.ba,Federacija/BiH politics,media_portal,BiH,Sarajevo/BiH,ALL,BiH,https://faktor.ba/,https://www.facebook.com/faktor.ba,✅ CONFERMATO,,,,,,website; Facebook,website/social,2,0.607,0.58,0.3,0.02,0.08,0.58,0.65,0.6,0.55,0.7,0.4,0.6,0.75,0.4,Politički obojenija BiH/Federacija perspektiva.
FBIH_006,Vijesti.ba,Federacija/BiH general,media_portal,BiH,BiH,ALL,BiH,https://vijesti.ba/,https://www.facebook.com/vijesti.ba,⚠️ DA VERIFICARE,,,,,,website; Facebook,website/social,3,0.558,0.5,0.25,0.0,0.08,0.58,0.45,0.5,0.45,0.6,0.35,0.5,0.7,0.4,Širi BiH portal.
SRC_011,Dnevnik.ba,BiH/Croat political perspective,media_portal,BiH,BiH/Federacija,ALL,BiH,https://www.dnevnik.ba/,https://www.facebook.com/dnevnik.ba,⚠️ DA VERIFICARE,,,,,,website; Facebook,website/social,3,0.536,0.52,0.2,0.0,0.05,0.58,0.6,0.45,0.4,0.55,0.45,0.5,0.7,0.4,Koristan za hrvatsku/Federacija perspektivu.
