source_id,nome_fonte,tag,categoria_origine,tipo_fonte,livello,regione,ij,focus_ij,website_url,facebook_url,fb_status_originale,fb_status_clean,verifica_gruppo,instagram_url,x_url,dove_controllare_fb,azione_successiva,priority_tier,pilot_score,fb_processing_priority,election_relevance,ij_relevance,banja_luka_relevance,doboj_relevance,credibility,bias_score,social_signal,influence,manipulation_risk,technical_access,data_completeness,note
BIH_ELEC_001,Centralna izborna komisija BiH,izbori,BiH izbori / official,official_election,BiH,BiH,ALL,BiH,https://www.izbori.ba/,https://www.facebook.com/p/Centralna-izborna-komisija-Bosne-i-Hercegovine-100083235705310,✅ TROVATO,TROVATO,VERIFICATA,,https://x.com/IZBORI_BA,Facebook page URL from user list,"Verificare rapidamente proprietà/attività, poi promuovere a confermato.",1,0.882,0.689,1,0.8,0.0,0.0,0.95,0.05,0.35,0.9,0.05,0.75,0.75,"Zvanični izborni organ; izvor za liste, rezultate, odluke i rokove."
BIH_ELEC_002,Koalicija Pod lupom,izbori,BiH izbori / monitoring,election_monitoring,BiH,BiH,ALL,BiH,https://podlupom.org/,https://www.facebook.com/koalicijapodlupom,✅ CONFERMATO,CONFERMATO,VERIFICATA,,https://x.com/PodLupom,Facebook page URL from user list,Usare nel pilot; controllo periodico.,1,0.793,0.714,0.95,0.7,0.0,0.0,0.86,0.22,0.45,0.65,0.12,0.7,0.75,Posmatranje izbora i izvještaji; važan korektiv za nepravilnosti.
BIH_ELEC_003,Transparency International BiH,izbori,ONG / corruption / elections,ngo_monitoring,BiH,BiH,ALL,BiH,https://ti-bih.org/,https://www.facebook.com/tibihorg,✅ CONFERMATO,CONFERMATO,VERIFICATA,https://www.instagram.com/transparency_bih/,https://x.com/tibihorg,Facebook page URL from user list,Usare nel pilot; controllo periodico.,1,0.78,0.691,0.88,0.65,0.0,0.0,0.88,0.3,0.4,0.7,0.15,0.75,1.0,"Korupcija, javne nabavke, zloupotrebe javnih resursa; vrlo bitno za izbore."
BIH_ELEC_005,Istinomjer,monitoring/ONG/analitika,fact-checking / politics,fact_check,BiH,BiH,ALL,BiH,https://istinomjer.ba/,https://www.facebook.com/istinomjer,⚠️ DA VERIFICARE,DA_VERIFICARE,DA_VERIFICARE,,https://x.com/Istinomjer,Facebook page URL from user list,"Aprire pagina, controllare autenticità, attività recente e collegamento col sito.",2,0.703,0.564,0.8,0.45,0.0,0.0,0.84,0.35,0.45,0.55,0.2,0.75,0.75,Politička obećanja i provjera izjava.
BIH_ELEC_006,Raskrinkavanje,monitoring/ONG/analitika,fact-checking / misinformation,fact_check,BiH,BiH,ALL,BiH,https://raskrinkavanje.ba/,https://www.facebook.com/raskrinkavanje,⚠️ DA VERIFICARE,DA_VERIFICARE,DA_VERIFICARE,,https://x.com/raskrinkavanje,Facebook page URL from user list,"Aprire pagina, controllare autenticità, attività recente e collegamento col sito.",2,0.69,0.558,0.75,0.4,0.0,0.0,0.84,0.35,0.45,0.55,0.2,0.75,0.75,"Dezinformacije, viralni narativi i manipulacije."
BIH_ELEC_004,CCI BiH,monitoring/ONG/analitika,ONG / government monitoring,ngo_monitoring,BiH,BiH,ALL,BiH,https://cci.ba/,https://www.facebook.com/CCIBIH,✅ TROVATO,TROVATO,VERIFICATA,,,Facebook page URL from user list,"Verificare rapidamente proprietà/attività, poi promuovere a confermato.",2,0.686,0.601,0.72,0.55,0.0,0.0,0.84,0.3,0.35,0.55,0.15,0.65,0.5,"Monitoring rada vlada, parlamenata i institucija."
SRC_003,OHR,monitoring/ONG/analitika,international official,international_official,BiH,BiH,ALL,BiH,https://www.ohr.int/,,not_found,NON_TROVATO,NON_TROVATA,,https://x.com/OHR_BiH,Manual Facebook search / official website social links,Cercare manualmente su Facebook e sito ufficiale; se assente segnare come no_fb.,3,0.635,0.393,0.55,0.25,0.0,0.0,0.85,0.25,0.25,0.7,0.1,0.6,0.5,Nema potvrđenu FB stranicu; politički institucionalni signal.
BIH_ELEC_008,OSCE/ODIHR BiH elections,izbori,international election observation,international_monitoring,BiH,BiH,ALL,BiH,https://www.osce.org/odihr/elections/bih,,not_found,NON_TROVATO,NON_TROVATA,,https://x.com/osce_odihr,Manual Facebook search / official website social links,Cercare manualmente su Facebook e sito ufficiale; se assente segnare come no_fb.,3,0.634,0.375,0.82,0.3,0.0,0.0,0.9,0.18,0.2,0.55,0.08,0.45,0.5,Nema posebnu BiH FB stranicu; koristiti izvještaje i saopštenja.
BIH_ELEC_007,BH Novinari,monitoring/ONG/analitika,media freedom / NGO,ngo_monitoring,BiH,BiH,ALL,BiH,https://bhnovinari.ba/,https://www.facebook.com/BHnovinari,⚠️ DA VERIFICARE,DA_VERIFICARE,DA_VERIFICARE,,,Facebook page URL from user list,"Aprire pagina, controllare autenticità, attività recente e collegamento col sito.",3,0.594,0.48,0.55,0.25,0.0,0.0,0.8,0.3,0.35,0.45,0.12,0.6,0.5,Sloboda medija i pritisci na novinare.
RS_IJ_001,BN / RTV BN,medij/opšti izvor,RS entitet / TV portal,media_tv,RS,Bijeljina/RS-wide,IJ6/ALL,RS,https://www.rtvbn.com/,https://www.facebook.com/p/BN-Portal-100064626198037,✅ TROVATO,TROVATO,VERIFICATA,https://www.instagram.com/bn_televizija/,https://x.com/rtvbn1,Facebook page URL from user list,"Verificare rapidamente proprietà/attività, poi promuovere a confermato.",1,0.848,0.884,0.88,0.75,0.45,0.3,0.68,0.8,0.95,0.9,0.5,0.8,1.0,Jak opozicioni/kontra-signal; vrlo visok social reach.
BL_IJ3_001,Srpskainfo,medij/opšti izvor,RS entitet / portal,media_portal,RS,Banja Luka/RS-wide,IJ3/ALL,RS,https://srpskainfo.com/,https://www.facebook.com/srpskainfocom,✅ TROVATO,TROVATO,VERIFICATA,https://www.instagram.com/srpskainfo/,https://x.com/Srpska_info,Facebook page URL from user list,"Verificare rapidamente proprietà/attività, poi promuovere a confermato.",1,0.845,0.848,0.86,0.75,0.85,0.45,0.7,0.55,0.85,0.85,0.45,0.85,1.0,"Brzina, viralnost i dnevni narativ; dobar za detekciju tema."
RS_ENT_001,RTRS,medij/opšti izvor,RS entitet / institutional media,media_public,RS,RS-wide,ALL,RS,https://www.rtrs.tv/,https://www.facebook.com/rtrs.vijesti,✅ TROVATO,TROVATO,VERIFICATA,https://www.instagram.com/rtrsvijesti/,https://x.com/RTRSvijesti,Facebook page URL from user list,"Verificare rapidamente proprietà/attività, poi promuovere a confermato.",1,0.832,0.807,0.9,0.8,0.85,0.5,0.7,0.8,0.75,0.85,0.45,0.85,1.0,Institucionalni signal RS; posebno važan za narativ vlasti.
RS_ENT_002,ATV,medij/opšti izvor,RS entitet / TV portal,media_tv,RS,RS-wide,ALL,RS,https://www.atvbl.rs/,https://www.facebook.com/AtvBanjaluka,✅ TROVATO,TROVATO,VERIFICATA,https://www.instagram.com/atvbl/,https://x.com/AtvBanjaluka,Facebook page URL from user list,"Verificare rapidamente proprietà/attività, poi promuovere a confermato.",1,0.797,0.826,0.88,0.75,0.8,0.45,0.62,0.85,0.85,0.8,0.55,0.8,1.0,Jak TV/portal signal; provladin narativ.
BL_IJ3_002,Nezavisne novine,medij/opšti izvor,RS entitet / mainstream,media_portal,RS,Banja Luka/BiH,IJ3/ALL,RS,https://www.nezavisne.com/,https://www.facebook.com/NezavisneNovine,✅ TROVATO,TROVATO,VERIFICATA,,https://x.com/NezavisneBL,Facebook page URL from user list,"Verificare rapidamente proprietà/attività, poi promuovere a confermato.",1,0.764,0.741,0.78,0.65,0.65,0.35,0.72,0.5,0.65,0.7,0.4,0.85,0.75,Mainstream dnevni izvor; stabilan signal.
BL_IJ3_003,Glas Srpske,medij/opšti izvor,RS entitet / mainstream,media_portal,RS,Banja Luka/RS-wide,IJ3/ALL,RS,https://www.glassrpske.com/,https://www.facebook.com/glassrpske,⚠️ DA VERIFICARE,DA_VERIFICARE,DA_VERIFICARE,,https://x.com/GlasSrpske,Facebook page URL from user list,"Aprire pagina, controllare autenticità, attività recente e collegamento col sito.",1,0.724,0.626,0.75,0.65,0.6,0.3,0.68,0.65,0.6,0.65,0.45,0.8,0.75,Tradicionalni RS mainstream; institucionalniji ton.
POL_RS_001,SNSD,partija/pokret,RS party / vlast,party_official,RS,RS-wide/Banja Luka,ALL/IJ3,RS,https://snsd.org/,https://www.facebook.com/snsd.milorad.dodik,✅ TROVATO,TROVATO,VERIFICATA,,https://x.com/SNSDDodik,Facebook page URL from user list,"Verificare rapidamente proprietà/attività, poi promuovere a confermato.",1,0.824,0.838,0.95,0.85,0.85,0.8,0.5,1.0,0.85,0.95,0.75,0.65,0.75,Glavni faktor vlasti; pratiti centralno + GO Banja Luka/Doboj.
BL_IJ3_006,Banjaluka24,lokalni/regionalni portal,Banja Luka / IJ3 local FB-heavy,local_portal_fb,RS,Banja Luka,IJ3,Banja Luka / IJ3,https://banjaluka-24.com/,https://www.facebook.com/banjaluka24portal,✅ CONFERMATO,CONFERMATO,VERIFICATA,https://www.instagram.com/banjaluka24portal/,,Facebook page URL from user list,Usare nel pilot; controllo periodico.,1,0.808,0.896,0.82,0.95,1.0,0.15,0.5,0.6,0.95,0.8,0.7,0.75,0.75,Vrlo jak FB engagement; web postoji; X nije prioritet.
BL_IJ3_012,Draško Stanivuković,lokalni/regionalni portal,political actor / mayor,political_actor,RS,Banja Luka,IJ3,Banja Luka / IJ3,,,to_check,TO_CHECK,DA_VERIFICARE,,,Manual Facebook search / official website social links,"Aprire pagina, controllare autenticità, attività recente e collegamento col sito.",1,0.802,0.746,0.85,0.95,1.0,0.05,0.5,0.95,0.9,0.85,0.75,0.55,0.0,Lični profil gradonačelnika; visoka politička relevantnost za IJ3.
POL_RS_003,PDP,partija/pokret,RS party / opposition,party_official,RS,RS-wide/Banja Luka,ALL/IJ3,RS,https://pdp.rs.ba/,https://www.facebook.com/pdprsrpska,✅ TROVATO,TROVATO,VERIFICATA,,,Facebook page URL from user list,"Verificare rapidamente proprietà/attività, poi promuovere a confermato.",1,0.799,0.827,0.9,0.85,1.0,0.35,0.5,0.95,0.85,0.85,0.7,0.65,0.5,"Vrlo relevantan za Banja Luku/IJ3, gradonačelnik i gradska politika."
BL_IJ3_011,Grad Banja Luka,lokalni/regionalni portal,official local government,official_local,RS,Banja Luka,IJ3,Banja Luka / IJ3,https://www.banjaluka.rs.ba/,,to_check,TO_CHECK,DA_VERIFICARE,https://www.instagram.com/gubanjaluka/,,Manual Facebook search / official website social links,"Aprire pagina, controllare autenticità, attività recente e collegamento col sito.",1,0.78,0.614,0.7,0.9,1.0,0.05,0.85,0.65,0.55,0.75,0.25,0.65,0.75,Zvanični lokalni izvor; bitan za teme gradske uprave i lokalnih kriza.
BL_IJ3_007,BL Portal,lokalni/regionalni portal,Banja Luka / IJ3 local,local_portal,RS,Banja Luka,IJ3,Banja Luka / IJ3,https://www.bl-portal.com/,,to_check,TO_CHECK,DA_VERIFICARE,https://www.instagram.com/bl_portal/,https://x.com/bl_portal,Manual Facebook search / official website social links,"Aprire pagina, controllare autenticità, attività recente e collegamento col sito.",1,0.774,0.681,0.78,0.9,0.95,0.1,0.6,0.5,0.75,0.65,0.5,0.85,1.0,Dobar gradski puls; ima vidljive social kanale.
POL_RS_004,Ujedinjena Srpska,partija/pokret,RS party / vlast,party_official,RS,RS-wide/Banja Luka,ALL/IJ3,RS,https://ujedinjenasrpska.rs/,https://www.facebook.com/najboljezasve,✅ TROVATO,TROVATO,VERIFICATA,,,Facebook page URL from user list,"Verificare rapidamente proprietà/attività, poi promuovere a confermato.",1,0.714,0.754,0.82,0.75,0.75,0.55,0.45,0.95,0.75,0.7,0.7,0.6,0.5,Relevantan partner vlasti; pratiti centralno i lokalne odbore.
BL_IJ3_008,Banjaluka.net,lokalni/regionalni portal,Banja Luka / IJ3 local,local_portal,RS,Banja Luka,IJ3,Banja Luka / IJ3,https://banjaluka.net/,,to_check,TO_CHECK,DA_VERIFICARE,https://www.instagram.com/banjalukanet/,https://x.com/BanjalukaNet,Manual Facebook search / official website social links,"Aprire pagina, controllare autenticità, attività recente e collegamento col sito.",2,0.735,0.628,0.72,0.85,0.9,0.1,0.62,0.45,0.65,0.6,0.45,0.8,1.0,Lokalni gradski izvor; web footer pokazuje social kanale.
BL_IJ3_005,Buka,medij/opšti izvor,analysis / civic portal,analysis_portal,BiH/RS,Banja Luka/BiH,IJ3/ALL,BiH/RS,https://6yka.com/,https://www.facebook.com/BUKA.portal,⚠️ DA VERIFICARE,DA_VERIFICARE,DA_VERIFICARE,https://www.instagram.com/bukaportal/,https://x.com/Buka_portal,Facebook page URL from user list,"Aprire pagina, controllare autenticità, attività recente e collegamento col sito.",2,0.734,0.665,0.7,0.6,0.65,0.25,0.72,0.7,0.7,0.65,0.35,0.75,1.0,Građanski/kritički signal; važno za urbane i opozicione narative.
POL_RS_011,Narodni front,partija/pokret,RS party / opposition,party_official,RS,RS-wide/Banja Luka,ALL/IJ3,RS,https://narodnifront.com/,https://www.facebook.com/NarodniFrontRS,✅ CONFERMATO,CONFERMATO,VERIFICATA,,,Facebook page URL from user list,Usare nel pilot; controllo periodico.,2,0.694,0.775,0.78,0.7,0.8,0.3,0.45,0.95,0.75,0.65,0.7,0.6,0.5,"Relevantan opozicioni faktor, posebno kroz Jelenu Trivić i BL narativ."
BL_IJ3_009,Banjaluka.com,lokalni/regionalni portal,Banja Luka / IJ3 local,local_portal,RS,Banja Luka,IJ3,Banja Luka / IJ3,https://www.banjaluka.com/,https://www.facebook.com/banjaluka.com,✅ CONFERMATO,CONFERMATO,VERIFICATA,,,Facebook page URL from user list,Usare nel pilot; controllo periodico.,2,0.677,0.697,0.65,0.75,0.85,0.1,0.58,0.4,0.55,0.55,0.45,0.75,0.4,Lokalni servisni portal; korisno za gradski signal i prijave čitalaca.
BL_IJ3_010,eTrafika,lokalni/regionalni portal,Banja Luka / civil society media,civil_media,RS/BiH,Banja Luka,IJ3,Banja Luka / IJ3,https://etrafika.net/,https://www.facebook.com/eTrafika.net,⚠️ DA VERIFICARE,DA_VERIFICARE,DA_VERIFICARE,https://www.instagram.com/etrafika/,https://x.com/eTrafika,Facebook page URL from user list,"Aprire pagina, controllare autenticità, attività recente e collegamento col sito.",2,0.663,0.563,0.62,0.55,0.65,0.05,0.78,0.5,0.5,0.45,0.25,0.75,1.0,"Društvene teme, ljudska prava, korupcija; manji volumen, dobar signal."
RS_IJ_013,Dobojski.info,lokalni/regionalni portal,IJ5 Doboj focus,local_portal,RS,Doboj,IJ5,Doboj / IJ5,https://www.dobojski.info/,,to_check,TO_CHECK,DA_VERIFICARE,https://www.instagram.com/dobojskiinfo/,,Manual Facebook search / official website social links,"Aprire pagina, controllare autenticità, attività recente e collegamento col sito.",1,0.81,0.715,0.82,0.95,0.02,1.0,0.62,0.45,0.8,0.7,0.45,0.8,0.75,Jak nezavisni portal u Doboju; naročito bitan za IJ5.
RS_IJ_017,Grad Doboj,lokalni/regionalni portal,official local government,official_local,RS,Doboj,IJ5,Doboj / IJ5,https://doboj.gov.ba/,,to_check,TO_CHECK,DA_VERIFICARE,https://www.instagram.com/grad_doboj/,,Manual Facebook search / official website social links,"Aprire pagina, controllare autenticità, attività recente e collegamento col sito.",1,0.787,0.617,0.78,0.9,0.0,1.0,0.85,0.65,0.55,0.7,0.25,0.65,0.75,"Zvanični lokalni izvor; bitan za infrastrukturu, budžet, lokalne krize."
POL_RS_002,SDS,partija/pokret,RS party / opposition,party_official,RS,RS-wide,ALL,RS,https://www.sdsrs.com/,https://www.facebook.com/srpskademokratskastranka,✅ TROVATO,TROVATO,VERIFICATA,,,Facebook page URL from user list,"Verificare rapidamente proprietà/attività, poi promuovere a confermato.",1,0.781,0.784,0.9,0.85,0.45,0.8,0.5,0.95,0.75,0.85,0.7,0.65,0.5,Glavni opozicioni faktor; lokalno važan i za Doboj/Teslić/Prijedor.
RS_IJ_012,Glas Regije,medij/opšti izvor,IJ4/IJ5 regional Doboj,regional_portal,RS,Doboj region,IJ4/IJ5,RS,https://glasregije.net/,https://www.facebook.com/glasregije,⚠️ DA VERIFICARE,DA_VERIFICARE,DA_VERIFICARE,,,Facebook page URL from user list,"Aprire pagina, controllare autenticità, attività recente e collegamento col sito.",1,0.75,0.672,0.82,0.95,0.05,0.95,0.55,0.45,0.7,0.6,0.55,0.75,0.4,Ključan regionalni izvor za dobojsku regiju; pokriva više opština IJ4/IJ5.
RS_IJ_014,RTV Doboj,lokalni/regionalni portal,IJ5 Doboj official/local media,local_tv_radio,RS,Doboj,IJ5,Doboj / IJ5,https://rtvdoboj.org/,https://www.facebook.com/rtvdoboj,⚠️ DA VERIFICARE,DA_VERIFICARE,DA_VERIFICARE,,,Facebook page URL from user list,"Aprire pagina, controllare autenticità, attività recente e collegamento col sito.",1,0.741,0.651,0.78,0.9,0.02,0.95,0.65,0.5,0.65,0.55,0.4,0.75,0.4,Regionalna zemaljska i online radio/TV kuća; važan tradicionalni izvor.
RS_IJ_015,Granice Doboja,lokalni/regionalni portal,IJ5 Doboj regional,local_portal,RS,Doboj,IJ5,Doboj / IJ5,https://granicedoboja.info/,https://www.facebook.com/GraniceDoboja.info,✅ TROVATO,TROVATO,VERIFICATA,,,Facebook page URL from user list,"Verificare rapidamente proprietà/attività, poi promuovere a confermato.",2,0.642,0.669,0.65,0.8,0.01,0.85,0.5,0.45,0.6,0.45,0.55,0.7,0.4,Dopunski Doboj/regija signal.
RS_IJ_016,Teslić Danas,lokalni/regionalni portal,IJ5 Teslić,local_portal,RS,Teslić,IJ5,Doboj / IJ5,https://teslicdanas.net/,https://www.facebook.com/teslicdanas,✅ TROVATO,TROVATO,VERIFICATA,,,Facebook page URL from user list,"Verificare rapidamente proprietà/attività, poi promuovere a confermato.",2,0.623,0.643,0.65,0.8,0.0,0.7,0.5,0.45,0.55,0.4,0.55,0.65,0.4,Lokalni signal Teslić; bitan za IJ5 balans van Doboja.
RS_IJ_018,InfoBijeljina,lokalni/regionalni portal,IJ6 local,local_portal,RS,Bijeljina,IJ6,IJ6,https://www.infobijeljina.com/,,to_check,TO_CHECK,DA_VERIFICARE,https://www.instagram.com/infobijeljina/,https://x.com/InfoBijeljina,Manual Facebook search / official website social links,"Aprire pagina, controllare autenticità, attività recente e collegamento col sito.",1,0.778,0.7,0.75,0.9,0.02,0.05,0.6,0.45,0.8,0.65,0.5,0.85,1.0,Jak Semberija/Bijeljina lokalni izvor.
RS_IJ_005,Micro Mreža,lokalni/regionalni portal,IJ2 local,local_portal,RS,Gradiška/Srbac/Laktaši,IJ2,IJ2,https://micromreza.com/,,to_check,TO_CHECK,DA_VERIFICARE,https://www.instagram.com/micromreza/,https://x.com/micro_mreza,Manual Facebook search / official website social links,"Aprire pagina, controllare autenticità, attività recente e collegamento col sito.",2,0.749,0.67,0.72,0.85,0.1,0.05,0.66,0.45,0.75,0.55,0.4,0.8,1.0,Najvažniji regionalni izvor za IJ2.
RS_IJ_029,TrebinjeLive,lokalni/regionalni portal,IJ9 local,local_portal,RS,Trebinje/Hercegovina,IJ9,IJ9,https://trebinjelive.info/,,to_check,TO_CHECK,DA_VERIFICARE,,https://x.com/trebinjelive2,Manual Facebook search / official website social links,"Aprire pagina, controllare autenticità, attività recente e collegamento col sito.",2,0.743,0.649,0.72,0.85,0.0,0.0,0.66,0.45,0.7,0.55,0.4,0.85,0.75,Jak lokalni portal za Trebinje i Hercegovinu.
RS_IJ_008,Prnjavor.info,lokalni/regionalni portal,IJ2 local,local_portal,RS,Prnjavor,IJ2,IJ2,https://www.prnjavor.info/,,to_check,TO_CHECK,DA_VERIFICARE,,https://x.com/PrnjavorInfo,Manual Facebook search / official website social links,"Aprire pagina, controllare autenticità, attività recente e collegamento col sito.",2,0.729,0.661,0.68,0.8,0.05,0.02,0.65,0.45,0.75,0.55,0.4,0.8,0.4,Jak prnjavorski lokalni izvor.
RS_IJ_019,Dešavanja u Bijeljini,lokalni/regionalni portal,IJ6 local,local_portal,RS,Bijeljina,IJ6,IJ6,https://desavanjaubijeljini.com/,,to_check,TO_CHECK,DA_VERIFICARE,https://www.instagram.com/desavanjaubijeljini/,https://x.com/desavanjaubn,Manual Facebook search / official website social links,"Aprire pagina, controllare autenticità, attività recente e collegamento col sito.",2,0.724,0.658,0.72,0.85,0.02,0.05,0.56,0.5,0.75,0.55,0.55,0.8,1.0,"Lokalni signal za Semberiju, dobar za social dinamiku."
RS_IJ_002,InfoPrijedor,lokalni/regionalni portal,IJ1 local,local_portal,RS,Prijedor,IJ1,IJ1,https://infoprijedor.ba/,https://www.facebook.com/infoprijedor.ba,✅ CONFERMATO,CONFERMATO,VERIFICATA,,,Facebook page URL from user list,Usare nel pilot; controllo periodico.,2,0.723,0.77,0.72,0.85,0.05,0.05,0.58,0.45,0.7,0.55,0.5,0.8,0.4,Lokalni Prijedor signal.
RS_IJ_025,Katera,lokalni/regionalni portal,IJ8 local,local_portal,RS,Istočno Sarajevo,IJ8,IJ8,https://katera.news/,https://www.facebook.com/katera.news,⚠️ DA VERIFICARE,DA_VERIFICARE,DA_VERIFICARE,,,Facebook page URL from user list,"Aprire pagina, controllare autenticità, attività recente e collegamento col sito.",2,0.711,0.637,0.72,0.85,0.0,0.02,0.62,0.45,0.65,0.5,0.45,0.8,0.4,Važan portal za Istočno Sarajevo/Romaniju.
RS_IJ_003,Kozarski vjesnik,lokalni/regionalni portal,IJ1 local traditional,local_media,RS,Prijedor,IJ1,IJ1,https://kozarski.com/,https://www.facebook.com/kozarskivjesnikprijedor,✅ CONFERMATO,CONFERMATO,VERIFICATA,,,Facebook page URL from user list,Usare nel pilot; controllo periodico.,2,0.7,0.725,0.68,0.8,0.03,0.05,0.68,0.45,0.6,0.5,0.35,0.75,0.4,Tradicionalniji lokalni medij.
RS_IJ_021,Zvornički.ba,lokalni/regionalni portal,IJ7 local,local_portal,RS/BiH,Zvornik,IJ7,IJ7,https://zvornicki.ba/,https://www.facebook.com/zvornicki.ba,⚠️ DA VERIFICARE,DA_VERIFICARE,DA_VERIFICARE,,,Facebook page URL from user list,"Aprire pagina, controllare autenticità, attività recente e collegamento col sito.",2,0.696,0.613,0.72,0.85,0.0,0.02,0.58,0.45,0.6,0.5,0.5,0.8,0.4,Ključan lokalni izvor za Zvornik/Podrinje.
RS_IJ_030,Direkt Portal,lokalni/regionalni portal,IJ9 local/political,local_portal,RS,Istočna Hercegovina,IJ9,IJ9,https://direkt-portal.com/,,to_check,TO_CHECK,DA_VERIFICARE,,https://x.com/direkt_portal,Manual Facebook search / official website social links,"Aprire pagina, controllare autenticità, attività recente e collegamento col sito.",2,0.695,0.575,0.72,0.8,0.0,0.0,0.68,0.55,0.55,0.45,0.35,0.75,0.4,Dobar za lokalne afere i političke teme u Hercegovini.
RS_IJ_031,Herceg TV,lokalni/regionalni portal,IJ9 regional TV,local_tv,RS,Hercegovina,IJ9,IJ9,https://www.herceg.tv/,https://www.facebook.com/hercegtv,⚠️ DA VERIFICARE,DA_VERIFICARE,DA_VERIFICARE,,,Facebook page URL from user list,"Aprire pagina, controllare autenticità, attività recente e collegamento col sito.",2,0.694,0.63,0.68,0.75,0.0,0.0,0.65,0.5,0.65,0.5,0.4,0.75,0.4,Regionalni TV/web signal za Hercegovinu.
RS_IJ_027,Spin Info,lokalni/regionalni portal,IJ8 local/political,local_portal,RS,Istočno Sarajevo,IJ8,IJ8,https://spin-portal.info/,https://www.facebook.com/spin.info,⚠️ DA VERIFICARE,DA_VERIFICARE,DA_VERIFICARE,,,Facebook page URL from user list,"Aprire pagina, controllare autenticità, attività recente e collegamento col sito.",2,0.676,0.604,0.7,0.8,0.0,0.02,0.6,0.55,0.6,0.45,0.5,0.75,0.4,Dobro za lokalne afere i gradske sukobe.
RS_IJ_009,Derventski List,lokalni/regionalni portal,IJ4 local,local_media,RS,Derventa,IJ4,IJ4,https://derventskilist.net/,https://www.facebook.com/derventskil,⚠️ DA VERIFICARE,DA_VERIFICARE,DA_VERIFICARE,,,Facebook page URL from user list,"Aprire pagina, controllare autenticità, attività recente e collegamento col sito.",2,0.673,0.603,0.65,0.8,0.02,0.25,0.62,0.45,0.6,0.45,0.35,0.7,0.4,Derventa lokalni medij; važan za IJ4.
RS_IJ_026,Palelive,lokalni/regionalni portal,IJ8 local,local_portal,RS,Pale/Istočno Sarajevo,IJ8,IJ8,https://www.palelive.com/,https://www.facebook.com/palelive,⚠️ DA VERIFICARE,DA_VERIFICARE,DA_VERIFICARE,,https://x.com/Palelive,Facebook page URL from user list,"Aprire pagina, controllare autenticità, attività recente e collegamento col sito.",2,0.669,0.601,0.68,0.8,0.0,0.02,0.58,0.45,0.6,0.45,0.45,0.75,0.6,Lokalni Pale/Istočno Sarajevo signal.
RS_IJ_010,Modričainfo,lokalni/regionalni portal,IJ4 local,local_portal,RS,Modriča,IJ4,IJ4,https://www.modricainfo.com/,https://www.facebook.com/modricainfo,⚠️ DA VERIFICARE,DA_VERIFICARE,DA_VERIFICARE,,,Facebook page URL from user list,"Aprire pagina, controllare autenticità, attività recente e collegamento col sito.",2,0.665,0.634,0.65,0.8,0.02,0.25,0.55,0.45,0.7,0.45,0.5,0.7,0.4,"Modriča lokalni signal, FB važan."
RS_IJ_022,Zvornik Danas,lokalni/regionalni portal,IJ7 local,local_portal,RS,Zvornik,IJ7,IJ7,https://www.zvornikdanas.com/,https://www.facebook.com/zvornikdanas,⚠️ DA VERIFICARE,DA_VERIFICARE,DA_VERIFICARE,,https://x.com/ZvornikDanas,Facebook page URL from user list,"Aprire pagina, controllare autenticità, attività recente e collegamento col sito.",2,0.663,0.598,0.68,0.8,0.0,0.02,0.56,0.45,0.6,0.45,0.5,0.75,0.6,Dnevni informativni magazin za Zvornik i Birač.
BL_IJ3_004,Frontal.ba,medij/opšti izvor,political portal / opinion,analysis_portal,RS,Banja Luka/RS,IJ3/ALL,RS,https://www.frontal.ba/,https://www.facebook.com/frontal.ba,⚠️ DA VERIFICARE,DA_VERIFICARE,DA_VERIFICARE,,,Facebook page URL from user list,"Aprire pagina, controllare autenticità, attività recente e collegamento col sito.",2,0.652,0.576,0.65,0.55,0.55,0.25,0.62,0.65,0.55,0.5,0.4,0.7,0.4,"Manji, ali signalno relevantan za politički stav i komentare."
RS_IJ_007,Radio Gradiška,lokalni/regionalni portal,IJ2 local radio,local_media,RS,Gradiška,IJ2,IJ2,https://radiogradiska.com/,https://www.facebook.com/radiogradiska,⚠️ DA VERIFICARE,DA_VERIFICARE,DA_VERIFICARE,,,Facebook page URL from user list,"Aprire pagina, controllare autenticità, attività recente e collegamento col sito.",3,0.644,0.572,0.62,0.65,0.05,0.02,0.64,0.45,0.55,0.45,0.35,0.7,0.4,Gradiška lokalni radio/portal.
RS_IJ_006,Laktaši Info,ekonomija/institucije,IJ2 local,local_portal,RS,Laktaši,IJ2,IJ2,https://laktasi.info/,https://www.facebook.com/laktasi.info,⚠️ DA VERIFICARE,DA_VERIFICARE,DA_VERIFICARE,,,Facebook page URL from user list,"Aprire pagina, controllare autenticità, attività recente e collegamento col sito.",3,0.636,0.604,0.6,0.65,0.1,0.02,0.55,0.5,0.65,0.45,0.5,0.75,0.4,Lokalni Laktaši signal.
RS_IJ_023,Drina Press,lokalni/regionalni portal,IJ7 local/civil,local_civil_media,RS/BiH,Srebrenica/Podrinje,IJ7,IJ7,https://www.drinapress.org/,https://www.facebook.com/drinapress,⚠️ DA VERIFICARE,DA_VERIFICARE,DA_VERIFICARE,,,Facebook page URL from user list,"Aprire pagina, controllare autenticità, attività recente e collegamento col sito.",3,0.62,0.526,0.62,0.7,0.0,0.0,0.62,0.45,0.45,0.35,0.35,0.7,0.4,Osjetljiv lokalni signal za Srebrenicu/Podrinje.
RS_IJ_028,IS Radio,lokalni/regionalni portal,IJ8 local radio,local_media,RS,Istočno Sarajevo,IJ8,IJ8,https://is-radio.com/,https://www.facebook.com/isradio,⚠️ DA VERIFICARE,DA_VERIFICARE,DA_VERIFICARE,,,Facebook page URL from user list,"Aprire pagina, controllare autenticità, attività recente e collegamento col sito.",3,0.611,0.54,0.58,0.65,0.0,0.01,0.64,0.45,0.5,0.35,0.35,0.7,0.4,Tradicionalniji kontrolni lokalni izvor.
RS_IJ_032,Trebinje Danas,lokalni/regionalni portal,IJ9 local,local_portal,RS,Trebinje,IJ9,IJ9,https://trebinjedanas.com/,https://www.facebook.com/portal.trebinjedanas,✅ TROVATO,TROVATO,VERIFICATA,,,Facebook page URL from user list,"Verificare rapidamente proprietà/attività, poi promuovere a confermato.",3,0.592,0.629,0.55,0.65,0.0,0.0,0.56,0.45,0.55,0.35,0.5,0.75,0.4,Dopunski gradski signal.
RS_IJ_004,PrijedorDanas,lokalni/regionalni portal,IJ1 local,local_portal,RS,Prijedor,IJ1,IJ1,https://www.prijedordanas.com/,https://www.facebook.com/PrijedorDanasCom,✅ TROVATO,TROVATO,VERIFICATA,,,Facebook page URL from user list,"Verificare rapidamente proprietà/attività, poi promuovere a confermato.",3,0.586,0.609,0.55,0.65,0.02,0.03,0.52,0.45,0.5,0.4,0.55,0.7,0.4,Dopunski lokalni signal.
RS_IJ_033,Bileća Online,lokalni/regionalni portal,IJ9 local,local_portal,RS,Bileća,IJ9,IJ9,https://bilecaonline.com/,https://www.facebook.com/bilecaonline,✅ TROVATO,TROVATO,VERIFICATA,,,Facebook page URL from user list,"Verificare rapidamente proprietà/attività, poi promuovere a confermato.",3,0.584,0.608,0.55,0.65,0.0,0.0,0.55,0.45,0.5,0.35,0.45,0.7,0.4,Mikro-lokalni Bileća signal.
RS_IJ_011,Moj Brod,lokalni/regionalni portal,IJ4 local,local_portal,RS,Brod,IJ4,IJ4,https://mojbrod.info/,https://www.facebook.com/mojbrod.info,✅ TROVATO,TROVATO,VERIFICATA,,,Facebook page URL from user list,"Verificare rapidamente proprietà/attività, poi promuovere a confermato.",3,0.58,0.624,0.55,0.65,0.01,0.2,0.52,0.45,0.55,0.35,0.5,0.65,0.4,Mikro-lokalni izvor za Brod.
RS_IJ_024,UPSMedia,lokalni/regionalni portal,IJ7 local,local_portal,RS/BiH,Srebrenica/Bratunac,IJ7,IJ7,https://www.upsmedia.ba/,https://www.facebook.com/UPSMedia.ba,⚠️ DA VERIFICARE,DA_VERIFICARE,DA_VERIFICARE,,,Facebook page URL from user list,"Aprire pagina, controllare autenticità, attività recente e collegamento col sito.",3,0.58,0.526,0.55,0.65,0.0,0.0,0.55,0.45,0.5,0.35,0.45,0.65,0.4,Lokalni dopunski signal.
RS_IJ_020,Bijeljina.org / Bijeljina Danas,lokalni/regionalni portal,IJ6 local,local_portal,RS,Bijeljina,IJ6,IJ6,https://www.bijeljina.org/,https://www.facebook.com/bijeljinadanas,✅ TROVATO,TROVATO,VERIFICATA,,,Facebook page URL from user list,"Verificare rapidamente proprietà/attività, poi promuovere a confermato.",3,0.566,0.582,0.55,0.65,0.0,0.02,0.5,0.4,0.45,0.35,0.5,0.65,0.4,Dopunski lokalni izvor.
BL_IJ3_013,Banjalučka berza,ekonomija/institucije,official/market,economic_market,RS,Banja Luka/RS,IJ3/ALL,RS,https://www.blberza.com/,https://www.facebook.com/p/Banjalučka-berza-hartija-od-vrijednosti-100076396975113,✅ TROVATO,TROVATO,VERIFICATA,,,Facebook page URL from user list,"Verificare rapidamente proprietà/attività, poi promuovere a confermato.",3,0.518,0.473,0.25,0.2,0.15,0.05,0.85,0.1,0.2,0.3,0.05,0.65,0.4,Kapitalno tržište RS; nišni ekonomski signal.
ECO_001,Capital.ba,ekonomija/institucije,economic / investigative RS,economic_media,RS,RS/BiH,ALL,RS,https://capital.ba/,https://www.facebook.com/portalcapital,⚠️ DA VERIFICARE,DA_VERIFICARE,DA_VERIFICARE,,https://x.com/portal_CAPITAL,Facebook page URL from user list,"Aprire pagina, controllare autenticità, attività recente e collegamento col sito.",1,0.759,0.659,0.68,0.65,0.45,0.55,0.78,0.55,0.65,0.65,0.3,0.8,0.75,"Ekonomske afere, javna preduzeća, tenderi; obavezan ekonomski sloj."
ECO_002,Akta.ba,ekonomija/institucije,economic portal BiH,economic_media,BiH,BiH,ALL,BiH,https://www.akta.ba/,https://www.facebook.com/akta.ba,⚠️ DA VERIFICARE,DA_VERIFICARE,DA_VERIFICARE,,,Facebook page URL from user list,"Aprire pagina, controllare autenticità, attività recente e collegamento col sito.",2,0.645,0.573,0.45,0.35,0.1,0.2,0.7,0.25,0.55,0.55,0.25,0.8,0.4,"Poslovne vijesti, firme, investicije."
ECO_007,Republički zavod za statistiku RS,ekonomija/institucije,official statistics RS,official_statistics,RS,RS,ALL,RS,https://www.rzs.rs.ba/,https://www.facebook.com/rsstatistika,✅ TROVATO,TROVATO,VERIFICATA,,,Facebook page URL from user list,"Verificare rapidamente proprietà/attività, poi promuovere a confermato.",2,0.627,0.54,0.35,0.35,0.05,0.1,0.95,0.1,0.25,0.55,0.05,0.7,0.4,Zvanična statistika RS.
SRC_006,Centralna banka BiH,ekonomija/institucije,official economy,official_economic,BiH,BiH,ALL,BiH,https://www.cbbh.ba/,https://www.facebook.com/CentralnaBankaBiH,✅ TROVATO,TROVATO,VERIFICATA,,,Facebook page URL from user list,"Verificare rapidamente proprietà/attività, poi promuovere a confermato.",2,0.624,0.538,0.35,0.25,0.02,0.05,0.95,0.05,0.25,0.6,0.05,0.7,0.4,Zvanični makro/monetarni podaci.
ECO_006,Agencija za statistiku BiH,ekonomija/institucije,official statistics,official_statistics,BiH,BiH,ALL,BiH,https://bhas.gov.ba/,https://www.facebook.com/BHAS.BIH,✅ TROVATO,TROVATO,VERIFICATA,,,Facebook page URL from user list,"Verificare rapidamente proprietà/attività, poi promuovere a confermato.",2,0.597,0.509,0.35,0.25,0.02,0.05,0.95,0.05,0.2,0.5,0.05,0.7,0.4,Zvanična statistika BiH.
ECO_004,eKapija,ekonomija/institucije,economic / regional business,economic_media,BiH/region,BiH/region,ALL,BiH/region,https://ba.ekapija.com/,https://www.facebook.com/ekapija,⚠️ DA VERIFICARE,DA_VERIFICARE,DA_VERIFICARE,,,Facebook page URL from user list,"Aprire pagina, controllare autenticità, attività recente e collegamento col sito.",3,0.578,0.525,0.4,0.25,0.05,0.1,0.65,0.3,0.5,0.45,0.3,0.75,0.4,"Investicije, tenderi, infrastruktura."
SRC_007,Poreska uprava RS,ekonomija/institucije,official tax RS,official_economic,RS,RS,ALL,RS,https://poreskaupravars.org/,https://www.facebook.com/p/Пореска-управа-Републике-Српске-61554143518509,✅ TROVATO,TROVATO,VERIFICATA,,,Facebook page URL from user list,"Verificare rapidamente proprietà/attività, poi promuovere a confermato.",3,0.575,0.516,0.3,0.25,0.05,0.1,0.9,0.1,0.25,0.45,0.05,0.65,0.4,Zvanični poreski i javno-prihodni signal RS.
ECO_003,BiznisInfo.ba,ekonomija/institucije,economic portal BiH,economic_media,BiH,BiH,ALL,BiH,https://www.biznisinfo.ba/,https://www.facebook.com/biznisinfo.ba,⚠️ DA VERIFICARE,DA_VERIFICARE,DA_VERIFICARE,,,Facebook page URL from user list,"Aprire pagina, controllare autenticità, attività recente e collegamento col sito.",3,0.57,0.521,0.4,0.25,0.05,0.15,0.62,0.3,0.5,0.45,0.35,0.75,0.4,"Biznis vijesti, investicije, tržište."
SRC_008,Uprava za indirektno oporezivanje BiH,ekonomija/institucije,official tax/customs,official_economic,BiH,BiH,ALL,BiH,https://www.uino.gov.ba/,,❌ NON TROVATO,NON_TROVATO,NON_TROVATA,,https://x.com/UIO_BiH,Manual Facebook search / official website social links,Cercare manualmente su Facebook e sito ufficiale; se assente segnare come no_fb.,3,0.554,0.339,0.3,0.2,0.0,0.05,0.9,0.1,0.2,0.4,0.05,0.65,0.4,Nema potvrđenu FB stranicu; koristiti sajt i X.
ECO_005,Indikator.ba,ekonomija/institucije,finance/economic BiH,economic_media,BiH,BiH,ALL,BiH,https://indikator.ba/,https://www.facebook.com/indikatorba,✅ TROVATO,TROVATO,VERIFICATA,,,Facebook page URL from user list,"Verificare rapidamente proprietà/attività, poi promuovere a confermato.",3,0.551,0.558,0.4,0.25,0.02,0.1,0.65,0.3,0.4,0.4,0.25,0.7,0.4,Finansijski i poslovni signal.
SRC_001,Detektor / BIRN BiH,monitoring/ONG/analitika,investigative / judiciary,investigative,BiH,BiH,ALL,BiH,https://detektor.ba/,https://www.facebook.com/detektor.ba,⚠️ DA VERIFICARE,DA_VERIFICARE,DA_VERIFICARE,,https://x.com/detektor_ba,Facebook page URL from user list,"Aprire pagina, controllare autenticità, attività recente e collegamento col sito.",2,0.689,0.558,0.65,0.35,0.0,0.0,0.85,0.35,0.45,0.65,0.2,0.7,0.75,"Pravosuđe, korupcija, ekstremizam; korektiv za teške teme."
SRC_005,Žurnal,monitoring/ONG/analitika,investigative,investigative,BiH,BiH/RS,ALL,BiH,https://zurnal.info/,https://www.facebook.com/zurnal.info,⚠️ DA VERIFICARE,DA_VERIFICARE,DA_VERIFICARE,,,Facebook page URL from user list,"Aprire pagina, controllare autenticità, attività recente e collegamento col sito.",2,0.685,0.591,0.65,0.35,0.2,0.2,0.8,0.65,0.55,0.65,0.3,0.75,0.4,Istraživački sloj za afere i korupciju.
SRC_010,Istraga.ba,medij/opšti izvor,BiH investigative/opinion,investigative,BiH,BiH,ALL,BiH,https://istraga.ba/,https://www.facebook.com/istraga.ba,⚠️ DA VERIFICARE,DA_VERIFICARE,DA_VERIFICARE,,,Facebook page URL from user list,"Aprire pagina, controllare autenticità, attività recente e collegamento col sito.",2,0.6,0.552,0.62,0.25,0.02,0.07,0.62,0.7,0.55,0.5,0.55,0.7,0.4,Istraživački/politički signal; provjeravati pristrasnost.
SRC_002,Mediacentar Sarajevo / Media.ba,monitoring/ONG/analitika,media analysis,analysis,BiH,BiH,ALL,BiH,https://media.ba/,https://www.facebook.com/MediacentarSarajevo,⚠️ DA VERIFICARE,DA_VERIFICARE,DA_VERIFICARE,,,Facebook page URL from user list,"Aprire pagina, controllare autenticità, attività recente e collegamento col sito.",3,0.608,0.486,0.65,0.25,0.0,0.0,0.83,0.35,0.35,0.45,0.15,0.65,0.4,Analize medija i društvenih mreža; relevantno za metodologiju pilota.
SRC_012,Analiziraj.ba,medij/opšti izvor,political/media analysis,analysis,BiH,BiH,ALL,BiH,https://analiziraj.ba/,https://www.facebook.com/analiziraj.ba,⚠️ DA VERIFICARE,DA_VERIFICARE,DA_VERIFICARE,,,Facebook page URL from user list,"Aprire pagina, controllare autenticità, attività recente e collegamento col sito.",3,0.552,0.478,0.55,0.2,0.0,0.0,0.72,0.45,0.4,0.35,0.3,0.7,0.4,Analize medija/politike; manji ali koristan korektiv.
SRC_013,Tačno.net,medij/opšti izvor,political/social commentary,analysis,BiH,BiH,ALL,BiH,https://tacno.net/,https://www.facebook.com/tacno.net,⚠️ DA VERIFICARE,DA_VERIFICARE,DA_VERIFICARE,,,Facebook page URL from user list,"Aprire pagina, controllare autenticità, attività recente e collegamento col sito.",3,0.531,0.469,0.5,0.2,0.0,0.0,0.65,0.6,0.4,0.35,0.35,0.7,0.4,Komentari i analize; provjeriti pristrasnost.
POL_RS_010,Za pravdu i red,partija/pokret,RS movement / opposition,movement_official,RS,RS-wide/Hercegovina,ALL/IJ9,RS,https://pravdared.com/,https://www.facebook.com/ZaPravduIRed,⚠️ DA VERIFICARE,DA_VERIFICARE,DA_VERIFICARE,,,Facebook page URL from user list,"Aprire pagina, controllare autenticità, attività recente e collegamento col sito.",2,0.681,0.641,0.75,0.65,0.2,0.2,0.5,0.95,0.7,0.65,0.7,0.6,0.4,Jak opozicioni/movement signal; Hercegovina i RS-wide.
POL_RS_005,DEMOS,partija/pokret,RS party / vlast,party_official,RS,RS-wide,ALL,RS,https://demos-rs.com/,https://www.facebook.com/demos2018,✅ TROVATO,TROVATO,VERIFICATA,,,Facebook page URL from user list,"Verificare rapidamente proprietà/attività, poi promuovere a confermato.",2,0.619,0.659,0.72,0.6,0.35,0.45,0.45,0.9,0.6,0.55,0.65,0.55,0.4,Relevantan koalicioni faktor.
POL_RS_013,SDA RS / SDA BiH,partija/pokret,BiH party,party_official,BiH/RS,BiH/RS,ALL,BiH/RS,https://sda.ba/,https://www.facebook.com/SDA,⚠️ DA VERIFICARE,DA_VERIFICARE,DA_VERIFICARE,,,Facebook page URL from user list,"Aprire pagina, controllare autenticità, attività recente e collegamento col sito.",2,0.609,0.574,0.65,0.45,0.1,0.2,0.5,0.95,0.6,0.6,0.6,0.6,0.5,Relevantno u povratničkim sredinama i probosanskim koalicijama.
POL_RS_012,Pokret za državu,medij/opšti izvor,BiH/RS coalition/platform,political_bloc,RS/BiH,RS/BiH,ALL,RS/BiH,,,❌ NON TROVATO,NON_TROVATO,NON_TROVATA,,,Manual Facebook search / official website social links,Cercare manualmente su Facebook e sito ufficiale; se assente segnare come no_fb.,2,0.587,0.477,0.7,0.55,0.2,0.25,0.45,0.95,0.55,0.55,0.6,0.45,0.0,Probosanski blok u RS; pratiti kroz koalicione liste i partije.
POL_RS_007,Socijalistička partija RS,partija/pokret,RS party / coalition,party_official,RS,RS-wide,ALL,RS,https://socijalisti.ba/,https://www.facebook.com/socijalistickapartija,⚠️ DA VERIFICARE,DA_VERIFICARE,DA_VERIFICARE,https://www.instagram.com/socijalistickapartija/,,Facebook page URL from user list,"Aprire pagina, controllare autenticità, attività recente e collegamento col sito.",2,0.585,0.546,0.68,0.55,0.25,0.5,0.45,0.9,0.55,0.5,0.65,0.55,0.75,Koalicioni faktor; pratiti lokalne odbore.
POL_RS_006,SPS RS,partija/pokret,RS party / vlast/opposition variable,party_official,RS,RS-wide,ALL,RS,https://spsrs.org/,https://www.facebook.com/socijalisti,✅ TROVATO,TROVATO,VERIFICATA,https://www.instagram.com/sps_srpska/,,Facebook page URL from user list,"Verificare rapidamente proprietà/attività, poi promuovere a confermato.",2,0.582,0.624,0.65,0.55,0.25,0.4,0.42,0.9,0.55,0.5,0.65,0.55,0.75,Manji ali relevantan faktor; pratiti koalicione pomake.
POL_RS_009,NPS (Narodna partija Srpske),partija/pokret,RS party / coalition,party_official,RS,RS-wide/Krajina,ALL/IJ1,RS,https://npsrs.org/,https://www.facebook.com/npsrpske,✅ TROVATO,TROVATO,VERIFICATA,https://www.instagram.com/npsrpske/,,Facebook page URL from user list,"Verificare rapidamente proprietà/attività, poi promuovere a confermato.",2,0.575,0.621,0.65,0.55,0.15,0.25,0.42,0.9,0.55,0.5,0.65,0.55,0.75,Banjac/NPS; lokalno relevantan u Krajini.
POL_RS_008,DNS,partija/pokret,RS party,party_official,RS,RS-wide/Prijedor,ALL/IJ1,RS,https://dnsrs.org/,https://www.facebook.com/dnszvanicnastranica,✅ TROVATO,TROVATO,VERIFICATA,https://www.instagram.com/dns_srpska/,,Facebook page URL from user list,"Verificare rapidamente proprietà/attività, poi promuovere a confermato.",2,0.556,0.595,0.62,0.55,0.15,0.3,0.42,0.85,0.5,0.45,0.6,0.55,0.75,Historijski jak u Prijedoru; provjeriti trenutno stanje i lokalne odbore.
REG_001,N1 Srbija,medij/opšti izvor,Serbia regional,media_tv,Serbia,Serbia/region,REGION,Serbia,https://n1info.rs/,https://www.facebook.com/N1Srbija,⚠️ DA VERIFICARE,DA_VERIFICARE,DA_VERIFICARE,https://www.instagram.com/n1srbija/,https://x.com/n1srbija,Facebook page URL from user list,"Aprire pagina, controllare autenticità, attività recente e collegamento col sito.",3,0.671,0.654,0.45,0.15,0.0,0.05,0.75,0.55,0.75,0.7,0.4,0.85,1.0,Često pokriva region i BiH; relevantno za regionalni odjek.
REG_009,Index.hr,medij/opšti izvor,Croatia regional,media_portal,Croatia,Croatia/region,REGION,Croatia,https://www.index.hr/,https://www.facebook.com/index.hr,⚠️ DA VERIFICARE,DA_VERIFICARE,DA_VERIFICARE,https://www.instagram.com/indexhr/,https://x.com/indexhr,Facebook page URL from user list,"Aprire pagina, controllare autenticità, attività recente e collegamento col sito.",3,0.646,0.661,0.38,0.1,0.0,0.03,0.62,0.55,0.8,0.75,0.6,0.85,1.0,Regionalno relevantan za BiH teme i hrvatski ugao.
REG_002,RTS,medij/opšti izvor,Serbia public broadcaster,media_public,Serbia,Serbia/region,REGION,Serbia,https://www.rts.rs/,https://www.facebook.com/rts,⚠️ DA VERIFICARE,DA_VERIFICARE,DA_VERIFICARE,https://www.instagram.com/rts_predstavlja/,https://x.com/RTS_Vesti,Facebook page URL from user list,"Aprire pagina, controllare autenticità, attività recente e collegamento col sito.",3,0.624,0.581,0.4,0.12,0.0,0.05,0.75,0.5,0.6,0.65,0.35,0.8,1.0,Zvaničniji srbijanski okvir; važan za regionalni mainstream.
REG_010,N1 Hrvatska,medij/opšti izvor,Croatia regional,media_tv,Croatia,Croatia/region,REGION,Croatia,https://n1info.hr/,https://www.facebook.com/N1Hrvatska,⚠️ DA VERIFICARE,DA_VERIFICARE,DA_VERIFICARE,https://www.instagram.com/n1hrvatska/,https://x.com/N1Hrvatska,Facebook page URL from user list,"Aprire pagina, controllare autenticità, attività recente e collegamento col sito.",3,0.622,0.597,0.38,0.1,0.0,0.03,0.75,0.5,0.65,0.6,0.35,0.85,1.0,Kvalitetniji regionalni TV/news signal.
REG_005,Blic,medij/opšti izvor,Serbia mainstream,media_portal,Serbia,Serbia/region,REGION,Serbia,https://www.blic.rs/,https://www.facebook.com/Blic.rs,⚠️ DA VERIFICARE,DA_VERIFICARE,DA_VERIFICARE,,,Facebook page URL from user list,"Aprire pagina, controllare autenticità, attività recente e collegamento col sito.",3,0.621,0.649,0.35,0.1,0.0,0.03,0.55,0.55,0.8,0.75,0.65,0.8,0.4,Veliki regionalni reach; clickbait rizik.
REG_003,Nova.rs,medij/opšti izvor,Serbia news,media_portal,Serbia,Serbia/region,REGION,Serbia,https://nova.rs/,https://www.facebook.com/nova.rs,⚠️ DA VERIFICARE,DA_VERIFICARE,DA_VERIFICARE,,,Facebook page URL from user list,"Aprire pagina, controllare autenticità, attività recente e collegamento col sito.",3,0.593,0.584,0.4,0.12,0.0,0.03,0.65,0.65,0.65,0.6,0.55,0.8,0.4,"Regionalni odjek, opozicioniji ton prema Srbiji."
REG_006,Kurir,medij/opšti izvor,Serbia tabloid,media_portal,Serbia,Serbia/region,REGION,Serbia,https://www.kurir.rs/,https://www.facebook.com/kurir,⚠️ DA VERIFICARE,DA_VERIFICARE,DA_VERIFICARE,,,Facebook page URL from user list,"Aprire pagina, controllare autenticità, attività recente e collegamento col sito.",3,0.591,0.653,0.32,0.08,0.0,0.02,0.42,0.75,0.85,0.75,0.75,0.8,0.4,"Visok reach, visok tabloid/manipulativni rizik."
REG_007,Informer,medij/opšti izvor,Serbia tabloid/progovernment,media_portal,Serbia,Serbia/region,REGION,Serbia,https://informer.rs/,https://www.facebook.com/informer.rs,⚠️ DA VERIFICARE,DA_VERIFICARE,DA_VERIFICARE,,,Facebook page URL from user list,"Aprire pagina, controllare autenticità, attività recente e collegamento col sito.",3,0.589,0.653,0.35,0.08,0.0,0.02,0.4,0.9,0.85,0.8,0.85,0.8,0.4,"Visok reach i visoka pristrasnost; pratiti kao signal, ne kao vjerodostojnost."
REG_012,Večernji list,medij/opšti izvor,Croatia/BiH mainstream,media_portal,Croatia/BiH,Croatia/BiH,REGION,Croatia/BiH,https://www.vecernji.hr/,https://www.facebook.com/vecernji,⚠️ DA VERIFICARE,DA_VERIFICARE,DA_VERIFICARE,,,Facebook page URL from user list,"Aprire pagina, controllare autenticità, attività recente e collegamento col sito.",3,0.582,0.579,0.35,0.1,0.0,0.03,0.65,0.55,0.65,0.6,0.45,0.75,0.4,Važan za hrvatski/BiH hrvatski ugao.
REG_011,Jutarnji list,medij/opšti izvor,Croatia mainstream,media_portal,Croatia,Croatia/region,REGION,Croatia,https://www.jutarnji.hr/,https://www.facebook.com/jutarnji,⚠️ DA VERIFICARE,DA_VERIFICARE,DA_VERIFICARE,,,Facebook page URL from user list,"Aprire pagina, controllare autenticità, attività recente e collegamento col sito.",3,0.579,0.578,0.3,0.08,0.0,0.02,0.65,0.45,0.65,0.6,0.4,0.75,0.4,Hrvatski mainstream; povremeno BiH teme.
REG_004,Danas,medij/opšti izvor,Serbia news/analysis,media_portal,Serbia,Serbia/region,REGION,Serbia,https://www.danas.rs/,https://www.facebook.com/danas.rs,⚠️ DA VERIFICARE,DA_VERIFICARE,DA_VERIFICARE,,,Facebook page URL from user list,"Aprire pagina, controllare autenticità, attività recente e collegamento col sito.",3,0.578,0.543,0.4,0.12,0.0,0.03,0.7,0.65,0.55,0.55,0.45,0.8,0.4,Analitički/opozicioniji srbijanski izvor.
REG_008,Politika,medij/opšti izvor,Serbia traditional,media_portal,Serbia,Serbia/region,REGION,Serbia,https://www.politika.rs/,https://www.facebook.com/PolitikaNovine,⚠️ DA VERIFICARE,DA_VERIFICARE,DA_VERIFICARE,,,Facebook page URL from user list,"Aprire pagina, controllare autenticità, attività recente e collegamento col sito.",3,0.559,0.517,0.35,0.08,0.0,0.02,0.7,0.45,0.5,0.55,0.35,0.75,0.4,Tradicionalni srbijanski medij.
REG_014,HRT,medij/opšti izvor,Croatia public broadcaster,media_public,Croatia,Croatia/region,REGION,Croatia,https://www.hrt.hr/,https://www.facebook.com/HRT,⚠️ DA VERIFICARE,DA_VERIFICARE,DA_VERIFICARE,,,Facebook page URL from user list,"Aprire pagina, controllare autenticità, attività recente e collegamento col sito.",3,0.545,0.51,0.25,0.06,0.0,0.01,0.75,0.4,0.5,0.5,0.3,0.75,0.4,Zvaničniji hrvatski mainstream signal.
REG_013,Telegram.hr,medij/opšti izvor,Croatia analysis/news,media_portal,Croatia,Croatia/region,REGION,Croatia,https://www.telegram.hr/,https://www.facebook.com/Telegram.hr,⚠️ DA VERIFICARE,DA_VERIFICARE,DA_VERIFICARE,,,Facebook page URL from user list,"Aprire pagina, controllare autenticità, attività recente e collegamento col sito.",3,0.536,0.524,0.25,0.06,0.0,0.01,0.7,0.45,0.55,0.45,0.35,0.75,0.4,Analitički hrvatski izvor; manji BiH fokus.
FBIH_001,Klix.ba,medij/opšti izvor,Federacija/BiH general,media_portal,BiH,Sarajevo/BiH,ALL,BiH,https://www.klix.ba/,https://www.facebook.com/Klix.ba,✅ TROVATO,TROVATO,VERIFICATA,https://www.instagram.com/klixba/,https://x.com/Klixba,Facebook page URL from user list,"Verificare rapidamente proprietà/attività, poi promuovere a confermato.",1,0.787,0.839,0.7,0.35,0.05,0.1,0.7,0.5,0.9,0.9,0.5,0.85,1.0,Najveći BiH portal; važan za nacionalni reach.
SRC_009,N1 BiH,medij/opšti izvor,BiH TV/news,media_tv,BiH,BiH,ALL,BiH,https://n1info.ba/,https://www.facebook.com/N1BiH,✅ TROVATO,TROVATO,VERIFICATA,https://www.instagram.com/n1bih/,https://x.com/N1infoSA,Facebook page URL from user list,"Verificare rapidamente proprietà/attività, poi promuovere a confermato.",1,0.776,0.799,0.75,0.35,0.05,0.15,0.75,0.55,0.8,0.85,0.4,0.85,1.0,"Visok nacionalni uticaj, često pokriva BiH/RS politiku."
FBIH_002,Dnevni avaz,medij/opšti izvor,Federacija/BiH general,media_portal,BiH,Sarajevo/BiH,ALL,BiH,https://avaz.ba/,https://www.facebook.com/dnevniavaz,✅ TROVATO,TROVATO,VERIFICATA,https://www.instagram.com/dnevniavaz/,https://x.com/DnevniAvaz,Facebook page URL from user list,"Verificare rapidamente proprietà/attività, poi promuovere a confermato.",2,0.69,0.743,0.6,0.3,0.03,0.1,0.62,0.55,0.75,0.75,0.55,0.8,1.0,Jak dnevni portal/list; relevantan za Federaciju i BiH-wide narativ.
SRC_004,Mondo.ba,medij/opšti izvor,RS/BiH portal,media_portal,BiH/RS,BiH/RS,ALL,BiH/RS,https://mondo.ba/,https://www.facebook.com/mondobih,⚠️ DA VERIFICARE,DA_VERIFICARE,DA_VERIFICARE,https://www.instagram.com/mondo_ba/,https://x.com/Mondo_BA,Facebook page URL from user list,"Aprire pagina, controllare autenticità, attività recente e collegamento col sito.",2,0.677,0.622,0.65,0.45,0.35,0.25,0.6,0.45,0.65,0.65,0.55,0.75,1.0,"Širi portal, koristan za popularizaciju i širenje tema."
FBIH_003,Oslobođenje,medij/opšti izvor,Federacija/BiH general,media_portal,BiH,Sarajevo/BiH,ALL,BiH,https://www.oslobodjenje.ba/,https://www.facebook.com/oslobodjenjeba,✅ TROVATO,TROVATO,VERIFICATA,https://www.instagram.com/oslobodjenje/,https://x.com/Oslobodjenje_,Facebook page URL from user list,"Verificare rapidamente proprietà/attività, poi promuovere a confermato.",2,0.669,0.699,0.6,0.3,0.03,0.1,0.68,0.5,0.65,0.65,0.45,0.8,1.0,Tradicionalni BiH medij.
FBIH_004,Raport.ba,medij/opšti izvor,Federacija/BiH politics,media_portal,BiH,Sarajevo/BiH,ALL,BiH,https://raport.ba/,https://www.facebook.com/raport.ba,✅ CONFERMATO,CONFERMATO,VERIFICATA,,,Facebook page URL from user list,Usare nel pilot; controllo periodico.,2,0.622,0.69,0.62,0.3,0.02,0.1,0.58,0.55,0.6,0.55,0.55,0.75,0.4,Političke vijesti i komentari; relevantan za Federaciju/BiH.
FBIH_005,Faktor.ba,medij/opšti izvor,Federacija/BiH politics,media_portal,BiH,Sarajevo/BiH,ALL,BiH,https://faktor.ba/,https://www.facebook.com/faktor.ba,✅ CONFERMATO,CONFERMATO,VERIFICATA,,,Facebook page URL from user list,Usare nel pilot; controllo periodico.,2,0.607,0.683,0.58,0.3,0.02,0.08,0.58,0.65,0.6,0.55,0.6,0.75,0.4,Politički obojenija BiH/Federacija perspektiva.
FBIH_006,Vijesti.ba,medij/opšti izvor,Federacija/BiH general,media_portal,BiH,BiH,ALL,BiH,https://vijesti.ba/,https://www.facebook.com/vijesti.ba,⚠️ DA VERIFICARE,DA_VERIFICARE,DA_VERIFICARE,,,Facebook page URL from user list,"Aprire pagina, controllare autenticità, attività recente e collegamento col sito.",3,0.558,0.516,0.5,0.25,0.0,0.08,0.58,0.45,0.5,0.45,0.5,0.7,0.4,Širi BiH portal.
SRC_011,Dnevnik.ba,medij/opšti izvor,BiH/Croat political perspective,media_portal,BiH,BiH/Federacija,ALL,BiH,https://www.dnevnik.ba/,https://www.facebook.com/dnevnik.ba,⚠️ DA VERIFICARE,DA_VERIFICARE,DA_VERIFICARE,,,Facebook page URL from user list,"Aprire pagina, controllare autenticità, attività recente e collegamento col sito.",3,0.536,0.489,0.52,0.2,0.0,0.05,0.58,0.6,0.45,0.4,0.5,0.7,0.4,Koristan za hrvatsku/Federacija perspektivu.
